--
-- PostgreSQL database dump
--

-- Dumped from database version 15.3
-- Dumped by pg_dump version 15.3

-- Started on 2025-05-21 16:13:38

SET statement_timeout = 0;
SET lock_timeout = 0;
SET idle_in_transaction_session_timeout = 0;
SET client_encoding = 'UTF8';
SET standard_conforming_strings = on;
SELECT pg_catalog.set_config('search_path', '', false);
SET check_function_bodies = false;
SET xmloption = content;
SET client_min_messages = warning;
SET row_security = off;

SET default_tablespace = '';

SET default_table_access_method = heap;

--
-- TOC entry 240 (class 1259 OID 52272)
-- Name: api_combination; Type: TABLE; Schema: public; Owner: postgres
--

CREATE TABLE public.api_combination (
    id bigint NOT NULL,
    combination_name character varying(100) NOT NULL,
    abbreviation character varying(20) NOT NULL
);


ALTER TABLE public.api_combination OWNER TO postgres;

--
-- TOC entry 239 (class 1259 OID 52271)
-- Name: api_combination_id_seq; Type: SEQUENCE; Schema: public; Owner: postgres
--

ALTER TABLE public.api_combination ALTER COLUMN id ADD GENERATED BY DEFAULT AS IDENTITY (
    SEQUENCE NAME public.api_combination_id_seq
    START WITH 1
    INCREMENT BY 1
    NO MINVALUE
    NO MAXVALUE
    CACHE 1
);


--
-- TOC entry 234 (class 1259 OID 35855)
-- Name: api_family; Type: TABLE; Schema: public; Owner: postgres
--

CREATE TABLE public.api_family (
    id bigint NOT NULL,
    family_name character varying(100) NOT NULL,
    family_number character varying(50) NOT NULL,
    created_at timestamp with time zone NOT NULL,
    updated_at timestamp with time zone NOT NULL,
    mother_id bigint NOT NULL,
    grade_id bigint
);


ALTER TABLE public.api_family OWNER TO postgres;

--
-- TOC entry 233 (class 1259 OID 35854)
-- Name: api_family_id_seq; Type: SEQUENCE; Schema: public; Owner: postgres
--

ALTER TABLE public.api_family ALTER COLUMN id ADD GENERATED BY DEFAULT AS IDENTITY (
    SEQUENCE NAME public.api_family_id_seq
    START WITH 1
    INCREMENT BY 1
    NO MINVALUE
    NO MAXVALUE
    CACHE 1
);


--
-- TOC entry 236 (class 1259 OID 35861)
-- Name: api_grade; Type: TABLE; Schema: public; Owner: postgres
--

CREATE TABLE public.api_grade (
    id bigint NOT NULL,
    grade_name character varying(100) NOT NULL,
    admission_year_to_asyv integer NOT NULL,
    graduation_year_to_asyv integer NOT NULL,
    created_at timestamp with time zone NOT NULL,
    updated_at timestamp with time zone NOT NULL
);


ALTER TABLE public.api_grade OWNER TO postgres;

--
-- TOC entry 235 (class 1259 OID 35860)
-- Name: api_grade_id_seq; Type: SEQUENCE; Schema: public; Owner: postgres
--

ALTER TABLE public.api_grade ALTER COLUMN id ADD GENERATED BY DEFAULT AS IDENTITY (
    SEQUENCE NAME public.api_grade_id_seq
    START WITH 1
    INCREMENT BY 1
    NO MINVALUE
    NO MAXVALUE
    CACHE 1
);


--
-- TOC entry 244 (class 1259 OID 52284)
-- Name: api_kid; Type: TABLE; Schema: public; Owner: postgres
--

CREATE TABLE public.api_kid (
    id bigint NOT NULL,
    origin_district character varying(100) NOT NULL,
    origin_sector character varying(100) NOT NULL,
    current_district_or_city character varying(100) NOT NULL,
    current_county character varying(100) NOT NULL,
    health_issue text,
    marital_status character varying(20) NOT NULL,
    life_status character varying(20) NOT NULL,
    has_children boolean NOT NULL,
    points_in_national_exam numeric(5,2),
    maximum_points_in_national_exam numeric(5,2),
    mention text,
    created_at timestamp with time zone NOT NULL,
    user_id bigint NOT NULL,
    family_id bigint,
    graduation_status character varying(50) NOT NULL,
    updated_at timestamp with time zone NOT NULL
);


ALTER TABLE public.api_kid OWNER TO postgres;

--
-- TOC entry 243 (class 1259 OID 52283)
-- Name: api_kid_id_seq; Type: SEQUENCE; Schema: public; Owner: postgres
--

ALTER TABLE public.api_kid ALTER COLUMN id ADD GENERATED BY DEFAULT AS IDENTITY (
    SEQUENCE NAME public.api_kid_id_seq
    START WITH 1
    INCREMENT BY 1
    NO MINVALUE
    NO MAXVALUE
    CACHE 1
);


--
-- TOC entry 250 (class 1259 OID 60465)
-- Name: api_kid_leaps; Type: TABLE; Schema: public; Owner: postgres
--

CREATE TABLE public.api_kid_leaps (
    id bigint NOT NULL,
    kid_id bigint NOT NULL,
    leap_id bigint NOT NULL
);


ALTER TABLE public.api_kid_leaps OWNER TO postgres;

--
-- TOC entry 249 (class 1259 OID 60464)
-- Name: api_kid_leaps_id_seq; Type: SEQUENCE; Schema: public; Owner: postgres
--

ALTER TABLE public.api_kid_leaps ALTER COLUMN id ADD GENERATED BY DEFAULT AS IDENTITY (
    SEQUENCE NAME public.api_kid_leaps_id_seq
    START WITH 1
    INCREMENT BY 1
    NO MINVALUE
    NO MAXVALUE
    CACHE 1
);


--
-- TOC entry 246 (class 1259 OID 52292)
-- Name: api_kidacademics; Type: TABLE; Schema: public; Owner: postgres
--

CREATE TABLE public.api_kidacademics (
    id bigint NOT NULL,
    academic_year integer NOT NULL,
    combination_id bigint NOT NULL,
    kid_id bigint NOT NULL,
    level character varying(10) NOT NULL
);


ALTER TABLE public.api_kidacademics OWNER TO postgres;

--
-- TOC entry 245 (class 1259 OID 52291)
-- Name: api_kidacademics_id_seq; Type: SEQUENCE; Schema: public; Owner: postgres
--

ALTER TABLE public.api_kidacademics ALTER COLUMN id ADD GENERATED BY DEFAULT AS IDENTITY (
    SEQUENCE NAME public.api_kidacademics_id_seq
    START WITH 1
    INCREMENT BY 1
    NO MINVALUE
    NO MAXVALUE
    CACHE 1
);


--
-- TOC entry 238 (class 1259 OID 52260)
-- Name: api_leap; Type: TABLE; Schema: public; Owner: postgres
--

CREATE TABLE public.api_leap (
    id bigint NOT NULL,
    ep character varying(100) NOT NULL,
    leap_category character varying(20) NOT NULL,
    created_at timestamp with time zone NOT NULL,
    updated_at timestamp with time zone NOT NULL
);


ALTER TABLE public.api_leap OWNER TO postgres;

--
-- TOC entry 237 (class 1259 OID 52259)
-- Name: api_leap_id_seq; Type: SEQUENCE; Schema: public; Owner: postgres
--

ALTER TABLE public.api_leap ALTER COLUMN id ADD GENERATED BY DEFAULT AS IDENTITY (
    SEQUENCE NAME public.api_leap_id_seq
    START WITH 1
    INCREMENT BY 1
    NO MINVALUE
    NO MAXVALUE
    CACHE 1
);


--
-- TOC entry 248 (class 1259 OID 52298)
-- Name: api_nationalsubjectresult; Type: TABLE; Schema: public; Owner: postgres
--

CREATE TABLE public.api_nationalsubjectresult (
    id bigint NOT NULL,
    grade character varying(1) NOT NULL,
    marks numeric(5,2),
    kid_id bigint NOT NULL,
    subject_id bigint NOT NULL
);


ALTER TABLE public.api_nationalsubjectresult OWNER TO postgres;

--
-- TOC entry 247 (class 1259 OID 52297)
-- Name: api_nationalsubjectresult_id_seq; Type: SEQUENCE; Schema: public; Owner: postgres
--

ALTER TABLE public.api_nationalsubjectresult ALTER COLUMN id ADD GENERATED BY DEFAULT AS IDENTITY (
    SEQUENCE NAME public.api_nationalsubjectresult_id_seq
    START WITH 1
    INCREMENT BY 1
    NO MINVALUE
    NO MAXVALUE
    CACHE 1
);


--
-- TOC entry 242 (class 1259 OID 52278)
-- Name: api_subject; Type: TABLE; Schema: public; Owner: postgres
--

CREATE TABLE public.api_subject (
    id bigint NOT NULL,
    subject_name character varying(100) NOT NULL,
    credits integer
);


ALTER TABLE public.api_subject OWNER TO postgres;

--
-- TOC entry 241 (class 1259 OID 52277)
-- Name: api_subject_id_seq; Type: SEQUENCE; Schema: public; Owner: postgres
--

ALTER TABLE public.api_subject ALTER COLUMN id ADD GENERATED BY DEFAULT AS IDENTITY (
    SEQUENCE NAME public.api_subject_id_seq
    START WITH 1
    INCREMENT BY 1
    NO MINVALUE
    NO MAXVALUE
    CACHE 1
);


--
-- TOC entry 225 (class 1259 OID 35758)
-- Name: api_user; Type: TABLE; Schema: public; Owner: postgres
--

CREATE TABLE public.api_user (
    id bigint NOT NULL,
    password character varying(128) NOT NULL,
    last_login timestamp with time zone,
    is_superuser boolean NOT NULL,
    username character varying(150) NOT NULL,
    first_name character varying(150),
    email character varying(254),
    is_staff boolean NOT NULL,
    is_active boolean NOT NULL,
    date_joined timestamp with time zone NOT NULL,
    dob character varying(50),
    email1 character varying(254),
    gender character varying(1) NOT NULL,
    image_url character varying(200),
    middle_name character varying(150),
    phone character varying(30),
    phone1 character varying(30),
    reg_number character varying(50),
    rwandan_name character varying(150),
    CONSTRAINT email_email1_unique CHECK ((NOT (((email)::text = (email1)::text) AND (email IS NOT NULL) AND (email1 IS NOT NULL)))),
    CONSTRAINT phone_phone1_unique CHECK ((NOT (((phone)::text = (phone1)::text) AND (phone IS NOT NULL) AND (phone1 IS NOT NULL)))),
    CONSTRAINT username_regnumber_unique CHECK ((NOT (((username)::text = (reg_number)::text) AND (reg_number IS NOT NULL))))
);


ALTER TABLE public.api_user OWNER TO postgres;

--
-- TOC entry 227 (class 1259 OID 35768)
-- Name: api_user_groups; Type: TABLE; Schema: public; Owner: postgres
--

CREATE TABLE public.api_user_groups (
    id bigint NOT NULL,
    user_id bigint NOT NULL,
    group_id integer NOT NULL
);


ALTER TABLE public.api_user_groups OWNER TO postgres;

--
-- TOC entry 226 (class 1259 OID 35767)
-- Name: api_user_groups_id_seq; Type: SEQUENCE; Schema: public; Owner: postgres
--

ALTER TABLE public.api_user_groups ALTER COLUMN id ADD GENERATED BY DEFAULT AS IDENTITY (
    SEQUENCE NAME public.api_user_groups_id_seq
    START WITH 1
    INCREMENT BY 1
    NO MINVALUE
    NO MAXVALUE
    CACHE 1
);


--
-- TOC entry 224 (class 1259 OID 35757)
-- Name: api_user_id_seq; Type: SEQUENCE; Schema: public; Owner: postgres
--

ALTER TABLE public.api_user ALTER COLUMN id ADD GENERATED BY DEFAULT AS IDENTITY (
    SEQUENCE NAME public.api_user_id_seq
    START WITH 1
    INCREMENT BY 1
    NO MINVALUE
    NO MAXVALUE
    CACHE 1
);


--
-- TOC entry 229 (class 1259 OID 35774)
-- Name: api_user_user_permissions; Type: TABLE; Schema: public; Owner: postgres
--

CREATE TABLE public.api_user_user_permissions (
    id bigint NOT NULL,
    user_id bigint NOT NULL,
    permission_id integer NOT NULL
);


ALTER TABLE public.api_user_user_permissions OWNER TO postgres;

--
-- TOC entry 228 (class 1259 OID 35773)
-- Name: api_user_user_permissions_id_seq; Type: SEQUENCE; Schema: public; Owner: postgres
--

ALTER TABLE public.api_user_user_permissions ALTER COLUMN id ADD GENERATED BY DEFAULT AS IDENTITY (
    SEQUENCE NAME public.api_user_user_permissions_id_seq
    START WITH 1
    INCREMENT BY 1
    NO MINVALUE
    NO MAXVALUE
    CACHE 1
);


--
-- TOC entry 221 (class 1259 OID 35718)
-- Name: auth_group; Type: TABLE; Schema: public; Owner: postgres
--

CREATE TABLE public.auth_group (
    id integer NOT NULL,
    name character varying(150) NOT NULL
);


ALTER TABLE public.auth_group OWNER TO postgres;

--
-- TOC entry 220 (class 1259 OID 35717)
-- Name: auth_group_id_seq; Type: SEQUENCE; Schema: public; Owner: postgres
--

ALTER TABLE public.auth_group ALTER COLUMN id ADD GENERATED BY DEFAULT AS IDENTITY (
    SEQUENCE NAME public.auth_group_id_seq
    START WITH 1
    INCREMENT BY 1
    NO MINVALUE
    NO MAXVALUE
    CACHE 1
);


--
-- TOC entry 223 (class 1259 OID 35726)
-- Name: auth_group_permissions; Type: TABLE; Schema: public; Owner: postgres
--

CREATE TABLE public.auth_group_permissions (
    id bigint NOT NULL,
    group_id integer NOT NULL,
    permission_id integer NOT NULL
);


ALTER TABLE public.auth_group_permissions OWNER TO postgres;

--
-- TOC entry 222 (class 1259 OID 35725)
-- Name: auth_group_permissions_id_seq; Type: SEQUENCE; Schema: public; Owner: postgres
--

ALTER TABLE public.auth_group_permissions ALTER COLUMN id ADD GENERATED BY DEFAULT AS IDENTITY (
    SEQUENCE NAME public.auth_group_permissions_id_seq
    START WITH 1
    INCREMENT BY 1
    NO MINVALUE
    NO MAXVALUE
    CACHE 1
);


--
-- TOC entry 219 (class 1259 OID 35712)
-- Name: auth_permission; Type: TABLE; Schema: public; Owner: postgres
--

CREATE TABLE public.auth_permission (
    id integer NOT NULL,
    name character varying(255) NOT NULL,
    content_type_id integer NOT NULL,
    codename character varying(100) NOT NULL
);


ALTER TABLE public.auth_permission OWNER TO postgres;

--
-- TOC entry 218 (class 1259 OID 35711)
-- Name: auth_permission_id_seq; Type: SEQUENCE; Schema: public; Owner: postgres
--

ALTER TABLE public.auth_permission ALTER COLUMN id ADD GENERATED BY DEFAULT AS IDENTITY (
    SEQUENCE NAME public.auth_permission_id_seq
    START WITH 1
    INCREMENT BY 1
    NO MINVALUE
    NO MAXVALUE
    CACHE 1
);


--
-- TOC entry 231 (class 1259 OID 35809)
-- Name: django_admin_log; Type: TABLE; Schema: public; Owner: postgres
--

CREATE TABLE public.django_admin_log (
    id integer NOT NULL,
    action_time timestamp with time zone NOT NULL,
    object_id text,
    object_repr character varying(200) NOT NULL,
    action_flag smallint NOT NULL,
    change_message text NOT NULL,
    content_type_id integer,
    user_id bigint NOT NULL,
    CONSTRAINT django_admin_log_action_flag_check CHECK ((action_flag >= 0))
);


ALTER TABLE public.django_admin_log OWNER TO postgres;

--
-- TOC entry 230 (class 1259 OID 35808)
-- Name: django_admin_log_id_seq; Type: SEQUENCE; Schema: public; Owner: postgres
--

ALTER TABLE public.django_admin_log ALTER COLUMN id ADD GENERATED BY DEFAULT AS IDENTITY (
    SEQUENCE NAME public.django_admin_log_id_seq
    START WITH 1
    INCREMENT BY 1
    NO MINVALUE
    NO MAXVALUE
    CACHE 1
);


--
-- TOC entry 217 (class 1259 OID 35704)
-- Name: django_content_type; Type: TABLE; Schema: public; Owner: postgres
--

CREATE TABLE public.django_content_type (
    id integer NOT NULL,
    app_label character varying(100) NOT NULL,
    model character varying(100) NOT NULL
);


ALTER TABLE public.django_content_type OWNER TO postgres;

--
-- TOC entry 216 (class 1259 OID 35703)
-- Name: django_content_type_id_seq; Type: SEQUENCE; Schema: public; Owner: postgres
--

ALTER TABLE public.django_content_type ALTER COLUMN id ADD GENERATED BY DEFAULT AS IDENTITY (
    SEQUENCE NAME public.django_content_type_id_seq
    START WITH 1
    INCREMENT BY 1
    NO MINVALUE
    NO MAXVALUE
    CACHE 1
);


--
-- TOC entry 215 (class 1259 OID 35696)
-- Name: django_migrations; Type: TABLE; Schema: public; Owner: postgres
--

CREATE TABLE public.django_migrations (
    id bigint NOT NULL,
    app character varying(255) NOT NULL,
    name character varying(255) NOT NULL,
    applied timestamp with time zone NOT NULL
);


ALTER TABLE public.django_migrations OWNER TO postgres;

--
-- TOC entry 214 (class 1259 OID 35695)
-- Name: django_migrations_id_seq; Type: SEQUENCE; Schema: public; Owner: postgres
--

ALTER TABLE public.django_migrations ALTER COLUMN id ADD GENERATED BY DEFAULT AS IDENTITY (
    SEQUENCE NAME public.django_migrations_id_seq
    START WITH 1
    INCREMENT BY 1
    NO MINVALUE
    NO MAXVALUE
    CACHE 1
);


--
-- TOC entry 232 (class 1259 OID 35829)
-- Name: django_session; Type: TABLE; Schema: public; Owner: postgres
--

CREATE TABLE public.django_session (
    session_key character varying(40) NOT NULL,
    session_data text NOT NULL,
    expire_date timestamp with time zone NOT NULL
);


ALTER TABLE public.django_session OWNER TO postgres;

--
-- TOC entry 3549 (class 0 OID 52272)
-- Dependencies: 240
-- Data for Name: api_combination; Type: TABLE DATA; Schema: public; Owner: postgres
--

COPY public.api_combination (id, combination_name, abbreviation) FROM stdin;
1	Mathematics-Physics-Computer Science	MPC
\.


--
-- TOC entry 3543 (class 0 OID 35855)
-- Dependencies: 234
-- Data for Name: api_family; Type: TABLE DATA; Schema: public; Owner: postgres
--

COPY public.api_family (id, family_name, family_number, created_at, updated_at, mother_id, grade_id) FROM stdin;
2	Queen Victoria	1.0	2025-02-13 14:19:45.28856+02	2025-02-13 14:19:45.28856+02	3	7
3	Golda Meir	2.0	2025-02-13 14:19:45.298163+02	2025-02-13 14:19:45.298163+02	18	7
4	Eva Peron	3.0	2025-02-13 14:19:45.300152+02	2025-02-13 14:19:45.300152+02	22	7
5	Aloysie Inyumba	4.0	2025-02-13 14:19:45.301036+02	2025-02-13 14:19:45.301036+02	25	7
6	James Watt	5.0	2025-02-13 14:19:45.303064+02	2025-02-13 14:19:45.303064+02	34	7
7	Albert Einstein	6.0	2025-02-13 14:19:45.304067+02	2025-02-13 14:19:45.304067+02	39	7
8	Nelson Mandela	7.0	2025-02-13 14:19:45.305061+02	2025-02-13 14:19:45.305061+02	44	7
9	Yosef Ben Yakov	8.0	2025-02-13 14:19:45.306066+02	2025-02-13 14:19:45.306066+02	47	7
10	Pelé (Edson Arantes Do Nascimento)	1.0	2025-02-13 14:19:45.307073+02	2025-02-13 14:19:45.307073+02	10	16
11	Ruth Bader Ginsberg	2.0	2025-02-13 14:19:45.308065+02	2025-02-13 14:19:45.308065+02	12	16
12	Alfred Nobel	3.0	2025-02-13 14:19:45.309063+02	2025-02-13 14:19:45.309063+02	19	16
13	Ubald Rugirangoga	4.0	2025-02-13 14:19:45.310064+02	2025-02-13 14:19:45.310064+02	27	16
14	Charles Babbage	5.0	2025-02-13 14:19:45.311072+02	2025-02-13 14:19:45.311072+02	30	16
15	Toni Morrison	6.0	2025-02-13 14:19:45.312087+02	2025-02-13 14:19:45.312087+02	35	16
16	Joan of Arc	1.0	2025-02-13 14:19:45.313063+02	2025-02-13 14:19:45.313063+02	3	3
17	John F. Kennedy	2.0	2025-02-13 14:19:45.314087+02	2025-02-13 14:19:45.314087+02	11	3
18	Patrice Lumumba	3.0	2025-02-13 14:19:45.315061+02	2025-02-13 14:19:45.315061+02	22	3
19	Leonardo Davinci	4.0	2025-02-13 14:19:45.316062+02	2025-02-13 14:19:45.316062+02	34	3
21	Abraham Lincoln	6.0	2025-02-13 14:19:45.318836+02	2025-02-13 14:19:45.318836+02	39	3
22	Mme C.J. Walker	7.0	2025-02-13 14:19:45.320469+02	2025-02-13 14:19:45.320469+02	47	3
23	David Ben Gurion	8.0	2025-02-13 14:19:45.320967+02	2025-02-13 14:19:45.320967+02	56	3
24	Frederick Douglass	1.0	2025-02-13 14:19:45.321981+02	2025-02-13 14:19:45.321981+02	9	8
25	Dr Maya Angelou	2.0	2025-02-13 14:19:45.32441+02	2025-02-13 14:19:45.32441+02	10	8
27	Neil Armstrong	4.0	2025-02-13 14:19:45.326384+02	2025-02-13 14:19:45.326384+02	12	8
28	Susan B Anthony	5.0	2025-02-13 14:19:45.327383+02	2025-02-13 14:19:45.327383+02	19	8
29	W. Wilson	6.0	2025-02-13 14:19:45.328384+02	2025-02-13 14:19:45.328384+02	20	8
30	Alexander The Great	7.0	2025-02-13 14:19:45.328384+02	2025-02-13 14:19:45.328384+02	37	8
31	Abigail Adams Smith	8.0	2025-02-13 14:19:45.329387+02	2025-02-13 14:19:45.329387+02	55	8
32	J.K.Nyerere	1.0	2025-02-13 14:19:45.330382+02	2025-02-13 14:19:45.330382+02	12	4
34	Haille Celasie	3.0	2025-02-13 14:19:45.33239+02	2025-02-13 14:19:45.33239+02	19	4
35	Vasco de Gama	4.0	2025-02-13 14:19:45.333384+02	2025-02-13 14:19:45.333384+02	20	4
36	Benjamin Franklin	5.0	2025-02-13 14:19:45.334398+02	2025-02-13 14:19:45.334398+02	23	4
37	John Lennon	6.0	2025-02-13 14:19:45.336386+02	2025-02-13 14:19:45.336386+02	42	4
38	King Solomon	7.0	2025-02-13 14:19:45.33738+02	2025-02-13 14:19:45.33738+02	54	4
39	Baden Powell	8.0	2025-02-13 14:19:45.339381+02	2025-02-13 14:19:45.339381+02	55	4
40	ADA loveloce	1.0	2025-02-13 14:19:45.340329+02	2025-02-13 14:19:45.340329+02	4	17
41	Thomas Edison	2.0	2025-02-13 14:19:45.341353+02	2025-02-13 14:19:45.341353+02	46	17
42	Rosalie Gicanda	3.0	2025-02-13 14:19:45.342353+02	2025-02-13 14:19:45.342353+02	49	17
43	Lance Solomon Reddick	4.0	2025-02-13 14:19:45.343352+02	2025-02-13 14:19:45.343352+02	51	17
44	Lance Solomon Reddick	5.0	2025-02-13 14:19:45.34435+02	2025-02-13 14:19:45.34435+02	51	17
45	Irena Sendler	6.0	2025-02-13 14:19:45.34535+02	2025-02-13 14:19:45.34535+02	57	17
46	Ella Josephine Baker	1.0	2025-02-13 14:19:45.34535+02	2025-02-13 14:19:45.34535+02	14	13
48	Blaise Pascal	3.0	2025-02-13 14:19:45.347352+02	2025-02-13 14:19:45.347352+02	24	13
49	William Shakespeare	4.0	2025-02-13 14:19:45.348354+02	2025-02-13 14:19:45.348354+02	32	13
50	Florence Nightingale	5.0	2025-02-13 14:19:45.349353+02	2025-02-13 14:19:45.349353+02	41	13
51	Princess Diana	6.0	2025-02-13 14:19:45.350355+02	2025-02-13 14:19:45.350355+02	46	13
52	Mother Teresa	1.0	2025-02-13 14:19:45.351348+02	2025-02-13 14:19:45.351348+02	5	5
53	David Livingstone	2.0	2025-02-13 14:19:45.353106+02	2025-02-13 14:19:45.353106+02	7	5
55	Amelia Earhart	4.0	2025-02-13 14:19:45.355117+02	2025-02-13 14:19:45.355117+02	17	5
56	Marie Curie	5.0	2025-02-13 14:19:45.356118+02	2025-02-13 14:19:45.356118+02	25	5
57	Steve Jobs	6.0	2025-02-13 14:19:45.357507+02	2025-02-13 14:19:45.357507+02	32	5
58	Henry Dunant	7.0	2025-02-13 14:19:45.357507+02	2025-02-13 14:19:45.357507+02	42	5
59	Sir Ronald Ross	8.0	2025-02-13 14:19:45.35894+02	2025-02-13 14:19:45.35894+02	51	5
60	Uwilingiyimana Agathe	1.0	2025-02-13 14:19:45.35994+02	2025-02-13 14:19:45.35994+02	28	14
61	Claudette colvin	2.0	2025-02-13 14:19:45.360935+02	2025-02-13 14:19:45.360935+02	33	14
62	Chadwick Boseman	3.0	2025-02-13 14:19:45.361935+02	2025-02-13 14:19:45.361935+02	36	14
63	RUGAMBA Cyprien	4.0	2025-02-13 14:19:45.362936+02	2025-02-13 14:19:45.362936+02	37	14
64	Winnie Mandela	5.0	2025-02-13 14:19:45.363948+02	2025-02-13 14:19:45.363948+02	45	14
65	Mariama Bâ	6.0	2025-02-13 14:19:45.363948+02	2025-02-13 14:19:45.363948+02	52	14
66	Chinua Achebe	1.0	2025-02-13 14:19:45.364941+02	2025-02-13 14:19:45.364941+02	9	15
67	KATHERINE JOHNSON	2.0	2025-02-13 14:19:45.365934+02	2025-02-13 14:19:45.365934+02	26	15
68	RUGANZU NDOLI 2	3.0	2025-02-13 14:19:45.366939+02	2025-02-13 14:19:45.366939+02	34	15
69	AOUA KEITA	4.0	2025-02-13 14:19:45.367935+02	2025-02-13 14:19:45.367935+02	44	15
70	YVAN BURAVAN	5.0	2025-02-13 14:19:45.369936+02	2025-02-13 14:19:45.369936+02	47	15
71	Fannie Lou Hamer	6.0	2025-02-13 14:19:45.370941+02	2025-02-13 14:19:45.370941+02	53	15
72	John Locke	1.0	2025-02-13 14:19:45.371935+02	2025-02-13 14:19:45.371935+02	6	6
73	Eleanor Roosevelt	2.0	2025-02-13 14:19:45.372935+02	2025-02-13 14:19:45.372935+02	13	6
74	Martin Luther King	3.0	2025-02-13 14:19:45.37494+02	2025-02-13 14:19:45.37494+02	15	6
75	Adam Smith	4.0	2025-02-13 14:19:45.37494+02	2025-02-13 14:19:45.37494+02	31	6
76	Saint Valentin	5.0	2025-02-13 14:19:45.375942+02	2025-02-13 14:19:45.375942+02	33	6
77	Rosa Parks	6.0	2025-02-13 14:19:45.377208+02	2025-02-13 14:19:45.377208+02	38	6
78	Fred Gisa Rwigema	7.0	2025-02-13 14:19:45.378338+02	2025-02-13 14:19:45.378338+02	50	6
79	Clara Barton	8.0	2025-02-13 14:19:45.379311+02	2025-02-13 14:19:45.379311+02	52	6
81	Josina Mutemba Mashel	2.0	2025-02-13 14:19:45.381337+02	2025-02-13 14:19:45.381337+02	10	12
85	Booker T. Washington	6.0	2025-02-13 14:19:45.384308+02	2025-02-13 14:19:45.384308+02	37	12
86	Margaret Ekpo	1.0	2025-02-13 14:19:45.385293+02	2025-02-13 14:19:45.385293+02	3	9
87	Sr Isaac Newton	2.0	2025-02-13 14:19:45.386769+02	2025-02-13 14:19:45.386769+02	7	9
88	King Mutara III Rudahigwa	3.0	2025-02-13 14:19:45.388299+02	2025-02-13 14:19:45.388299+02	8	9
89	Ida B.Wells	4.0	2025-02-13 14:19:45.389293+02	2025-02-13 14:19:45.389293+02	14	9
33	King David	2.0	2025-02-13 14:19:45.331397+02	2025-03-05 13:19:07.366287+02	37	4
47	Bessie Coleman	2.0	2025-02-13 14:19:45.346352+02	2025-03-05 14:28:57.382793+02	77	13
84	Mary kenner	5.0	2025-02-13 14:19:45.383311+02	2025-03-05 14:49:09.193208+02	23	12
83	W.E.B.DU BOIS	4.0	2025-02-13 14:19:45.382318+02	2025-03-05 14:50:09.457434+02	19	12
80	Albertine Sisulu	1.0	2025-02-13 14:19:45.38031+02	2025-03-05 15:36:24.777177+02	3	12
82	King Menelik II	3.0	2025-02-13 14:19:45.381337+02	2025-03-06 06:49:11.806031+02	12	12
20	Leopold Sedar Senghor	5.0	2025-02-13 14:19:45.318062+02	2025-03-05 20:08:40.538577+02	44	3
90	Harriet Tubman	5.0	2025-02-13 14:19:45.39031+02	2025-02-13 14:19:45.39031+02	21	9
91	St Annibale	6.0	2025-02-13 14:19:45.393297+02	2025-02-13 14:19:45.393297+02	24	9
92	The Wright Brothers	7.0	2025-02-13 14:19:45.394348+02	2025-02-13 14:19:45.394348+02	32	9
93	Coretta Scott King	8.0	2025-02-13 14:19:45.394348+02	2025-02-13 14:19:45.394348+02	51	9
94	Sojourner Truth	1.0	2025-02-13 14:19:45.395336+02	2025-02-13 14:19:45.395336+02	9	11
95	Miriam Makeba	2.0	2025-02-13 14:19:45.39629+02	2025-02-13 14:19:45.39629+02	25	11
96	Mgr. Aloys Bigirumwami	3.0	2025-02-13 14:19:45.39729+02	2025-02-13 14:19:45.39729+02	39	11
98	Septima Clark	5.0	2025-02-13 14:19:45.398344+02	2025-02-13 14:19:45.398344+02	44	11
99	Wangari Mathai	6.0	2025-02-13 14:19:45.399289+02	2025-02-13 14:19:45.399289+02	47	11
100	Galileo Galilei	1.0	2025-02-13 14:19:45.400291+02	2025-02-13 14:19:45.400291+02	15	10
101	Helen Keller	2.0	2025-02-13 14:19:45.401295+02	2025-02-13 14:19:45.401295+02	28	10
102	Mahatma Ghandi	3.0	2025-02-13 14:19:45.403296+02	2025-02-13 14:19:45.403296+02	33	10
103	Jackie Robinson	4.0	2025-02-13 14:19:45.404304+02	2025-02-13 14:19:45.404304+02	36	10
104	Mbaye Diagne	5.0	2025-02-13 14:19:45.405299+02	2025-02-13 14:19:45.405299+02	40	10
105	John Adams	6.0	2025-02-13 14:19:45.406299+02	2025-02-13 14:19:45.406299+02	52	10
106	Socrates	1.0	2025-02-13 14:19:45.407299+02	2025-02-13 14:19:45.407299+02	13	2
107	George Washington	2.0	2025-02-13 14:19:45.408291+02	2025-02-13 14:19:45.408291+02	16	2
108	Benazir Butto	3.0	2025-02-13 14:19:45.40935+02	2025-02-13 14:19:45.40935+02	29	2
110	Alexis Kagame	5.0	2025-02-13 14:19:45.41129+02	2025-02-13 14:19:45.41129+02	31	2
111	Louis Rwagasore	6.0	2025-02-13 14:19:45.412293+02	2025-02-13 14:19:45.412293+02	33	2
112	Anne Frank	7.0	2025-02-13 14:19:45.41329+02	2025-02-13 14:19:45.41329+02	43	2
113	George Washington Carver	nan	2025-02-13 14:19:45.41329+02	2025-02-13 14:19:45.41329+02	48	2
109	Thomas Sankara	4.0	2025-02-13 14:19:45.410351+02	2025-03-05 13:38:47.292776+02	25	2
54	King Menelik I	3.0	2025-02-13 14:19:45.354118+02	2025-03-06 06:47:56.283017+02	14	5
114	Abigail Adam Smith	3	2025-03-06 07:05:30.023113+02	2025-03-06 07:07:12.075983+02	82	8
97	Louis Armstrong	4.0	2025-02-13 14:19:45.398344+02	2025-03-25 20:26:43.528388+02	34	11
115	Queen Esther	6	2025-03-25 20:37:59.815762+02	2025-03-25 20:37:59.815762+02	23	8
\.


--
-- TOC entry 3545 (class 0 OID 35861)
-- Dependencies: 236
-- Data for Name: api_grade; Type: TABLE DATA; Schema: public; Owner: postgres
--

COPY public.api_grade (id, grade_name, admission_year_to_asyv, graduation_year_to_asyv, created_at, updated_at) FROM stdin;
2	Urumuri	2008	2013	2025-02-12 15:54:07.451883+02	2025-02-12 15:54:07.451883+02
3	Imbuto	2009	2014	2025-02-12 15:54:07.483828+02	2025-02-12 15:54:07.483828+02
4	Indatwa	2010	2015	2025-02-12 15:54:07.489004+02	2025-02-12 15:54:07.489004+02
5	Ingenzi	2011	2016	2025-02-12 15:54:07.495006+02	2025-02-12 15:54:07.495006+02
6	Ishema	2012	2016	2025-02-12 15:54:07.499795+02	2025-02-12 15:54:07.499795+02
7	Icyizere	2013	2017	2025-02-12 15:54:07.504138+02	2025-02-12 15:54:07.505135+02
8	Imena	2014	2018	2025-02-12 15:54:07.509132+02	2025-02-12 15:54:07.509132+02
9	Isonga	2015	2019	2025-02-12 15:54:07.514141+02	2025-02-12 15:54:07.514141+02
10	Umurage	2016	2021	2025-02-12 15:54:07.517867+02	2025-02-12 15:54:07.517867+02
11	Umucyo	2017	2022	2025-02-12 15:54:07.521865+02	2025-02-12 15:54:07.521865+02
12	Ishyaka	2018	2023	2025-02-12 15:54:07.525863+02	2025-02-12 15:54:07.525863+02
13	Inganji	2019	2024	2025-02-12 15:54:07.528392+02	2025-02-12 15:54:07.528392+02
14	Intwari	2021	2025	2025-02-12 15:54:07.5325+02	2025-02-12 15:54:07.533005+02
15	Ishami	2022	2026	2025-02-12 15:54:07.536762+02	2025-02-12 15:54:07.536762+02
16	Ijabo	2023	2027	2025-02-12 15:54:07.540164+02	2025-02-12 15:54:07.540164+02
17	Ingabo	2024	2028	2025-02-12 15:54:07.544159+02	2025-02-12 15:54:07.544159+02
\.


--
-- TOC entry 3553 (class 0 OID 52284)
-- Dependencies: 244
-- Data for Name: api_kid; Type: TABLE DATA; Schema: public; Owner: postgres
--

COPY public.api_kid (id, origin_district, origin_sector, current_district_or_city, current_county, health_issue, marital_status, life_status, has_children, points_in_national_exam, maximum_points_in_national_exam, mention, created_at, user_id, family_id, graduation_status, updated_at) FROM stdin;
573	Nyagatare	Rwempasha	Kicukiro	Rwanda	None	Single	Alive	f	46.00	73.00	Pass	2025-03-25 10:40:56.912566+02	654	39	graduated	2025-03-25 10:40:56.912566+02
574	Kicukiro	Kanombe	Kicukiro	Rwanda	None	Single	Alive	f	37.00	73.00	Pass	2025-03-25 10:40:56.932581+02	655	39	graduated	2025-03-25 10:40:56.932581+02
575	Kirehe	Rukira	Nyarugenge	Rwanda	None	Single	Alive	f	34.00	73.00	Pass	2025-03-25 10:40:56.941637+02	656	39	graduated	2025-03-25 10:40:56.941637+02
576	kayonza	ruramira	kayonza	Rwanda	None	Married	Alive	f	43.00	73.00	Pass	2025-03-25 10:40:56.95162+02	657	39	graduated	2025-03-25 10:40:56.95162+02
577	Kamonyi	Runda	Kamonyi	Rwanda	None	Single	Alive	f	49.00	73.00	Pass	2025-03-25 10:40:56.962605+02	658	39	graduated	2025-03-25 10:40:56.962605+02
578	Muhanga	Shyogwe	Kicukiro	Rwanda	None	Single	Alive	f	55.00	73.00	Pass	2025-03-25 10:40:56.972591+02	659	39	graduated	2025-03-25 10:40:56.972591+02
579	Deceased	Deceased	Gasabo	Deceased	Deceased	Deceased	Died	f	49.00	73.00	Pass	2025-03-25 10:40:56.981428+02	660	39	graduated	2025-03-25 10:40:56.981428+02
8	Gisagara	Kibilizi	Huye	Rwanda	None	Married	Alive	t	\N	\N	\N	2025-03-06 10:26:34.91526+02	83	114	graduated	2025-03-06 10:26:34.91526+02
9	Kicukiro	Kanombe	Kicukiro	Rwanda	None	Single	Alive	f	\N	\N	\N	2025-03-06 10:26:34.967398+02	84	114	graduated	2025-03-06 10:26:34.967398+02
10	Rwamagana	Muhazi	Gasabo	Rwanda	None	Single	Alive	f	52.00	73.00	Pass	2025-03-06 10:26:34.977639+02	85	114	graduated	2025-03-06 10:26:34.977639+02
11	Musanze	Remera	Musanze	Rwanda	None	Single	Alive	f	43.00	73.00	Pass	2025-03-06 10:26:34.988385+02	86	114	graduated	2025-03-06 10:26:34.988385+02
12	Rubavu	Gisenyi	Gasabo	Rwanda	None	Single	Alive	f	\N	\N	\N	2025-03-06 10:26:34.998582+02	87	114	graduated	2025-03-06 10:26:34.998582+02
13	Gicumbi	Bukure	Nyarugenge	Rwanda	None	Single	Alive	f	\N	\N	\N	2025-03-06 10:26:35.007158+02	88	114	graduated	2025-03-06 10:26:35.007158+02
14	Gatsibo	Kabarore	Gatsibo	Rwanda	None	Single	Alive	f	\N	\N	\N	2025-03-06 10:26:35.017102+02	89	114	graduated	2025-03-06 10:26:35.017102+02
15	Bugesera	Rilima	Bugesera	Rwanda	None	Single	Alive	f	\N	\N	\N	2025-03-06 10:26:35.027125+02	90	114	graduated	2025-03-06 10:26:35.027125+02
16	Nyagatare	Tabagwe	Nyagatare	Rwanda	None	Single	Alive	f	\N	\N	\N	2025-03-06 10:26:35.03617+02	91	114	graduated	2025-03-06 10:26:35.03617+02
17	Kirehe	Kirehe	Abraod	Costa Rica	None	Single	Alive	f	55.00	73.00	Pass	2025-03-06 10:26:35.045108+02	92	114	graduated	2025-03-06 10:26:35.045108+02
18	Ngororero	Muhororo	Nyarugenge	Rwanda	None	Single	Alive	f	52.00	73.00	Pass	2025-03-06 10:26:35.055969+02	93	114	graduated	2025-03-06 10:26:35.055969+02
19	Huye	Tumba	Huye	Rwanda	None	Single	Alive	f	\N	\N	\N	2025-03-06 10:26:35.067066+02	94	114	graduated	2025-03-06 10:26:35.067066+02
20	Kicukiro	Nyarugunga	Kicukiro	Rwanda	None	Single	Alive	f	\N	\N	\N	2025-03-06 10:26:35.076578+02	95	114	graduated	2025-03-06 10:26:35.076578+02
21	Rubavu	Gisenyi	Rutsiro	Rwanda	None	Married	Alive	f	28.00	73.00	Pass	2025-03-06 10:26:35.090447+02	96	114	graduated	2025-03-06 10:26:35.090447+02
22	Kicukiro	Gatenga	Kicukiro	Rwanda	None	Single	Alive	f	57.00	73.00	Pass	2025-03-06 10:26:35.100471+02	97	114	graduated	2025-03-06 10:26:35.100471+02
23	Nyanza	Kibilizi	Nyanza	Rwanda	None	Married	Alive	t	\N	\N	\N	2025-03-06 10:26:35.111782+02	98	114	graduated	2025-03-06 10:26:35.111782+02
24	Rwamagana	Kigabiro	Abraod	USA	None	Single	Alive	f	43.00	73.00	Pass	2025-03-06 10:26:35.120178+02	99	21	graduated	2025-03-06 10:26:35.120178+02
25	Kayonza	Rwinkavu	Abraod	USA	None	Single	Alive	f	58.00	73.00	Pass	2025-03-06 10:26:35.129446+02	100	21	graduated	2025-03-06 10:26:35.129446+02
26	Karongi	Bwishyura	Nyarugenge	Rwanda	None	Married	Alive	f	52.00	73.00	Pass	2025-03-06 10:26:35.136388+02	101	21	graduated	2025-03-06 10:26:35.136388+02
27	Bugesera	Ntarama	Kicukiro	Rwanda	None	Single	Alive	f	28.00	73.00	Pass	2025-03-06 10:26:35.145611+02	102	21	graduated	2025-03-06 10:26:35.145611+02
28	Huye	Ngoma	Huye	Rwanda	None	Married	Alive	t	37.00	73.00	Pass	2025-03-06 10:26:35.154654+02	103	21	graduated	2025-03-06 10:26:35.154654+02
29	Rwamagana	Gishari	Rwamagana	Rwanda	None	Married	Alive	t	64.00	73.00	Pass	2025-03-06 10:26:35.164554+02	104	21	graduated	2025-03-06 10:26:35.164554+02
30	Huye	Tumba	Huye	Rwanda	None	Married	Alive	t	70.00	73.00	Pass	2025-03-06 10:26:35.170576+02	105	21	graduated	2025-03-06 10:26:35.170576+02
31	Gasabo	Kacyiru	Gasabo	Rwanda	None	Single	Alive	f	64.00	73.00	Pass	2025-03-06 10:26:35.179008+02	106	21	graduated	2025-03-06 10:26:35.179008+02
32	Rwamagana	Musha	Kicukiro	Rwanda	None	Single	Alive	f	55.00	73.00	Pass	2025-03-06 10:26:35.184978+02	107	21	graduated	2025-03-06 10:26:35.184978+02
33	Gasabo	Gatsata	Nyarugenge	Rwanda	Paralysed from accident unable to walk	Single	Alive	f	37.00	73.00	Pass	2025-03-06 10:26:35.193777+02	108	21	graduated	2025-03-06 10:26:35.193777+02
34	Muhanga	Nyamabuye	Kayonza	Rwanda	None	Deceased	Died	f	49.00	73.00	Pass	2025-03-06 10:26:35.203096+02	109	21	graduated	2025-03-06 10:26:35.203096+02
35	Kamonyi	Musambira	Rwamagana	Rwanda	None	Single	Alive	f	61.00	73.00	Pass	2025-03-06 10:26:35.214003+02	110	21	graduated	2025-03-06 10:26:35.214003+02
36	Gasabo	Kinyinya	Gasabo	Rwanda	None	Single	Alive	f	43.00	73.00	Pass	2025-03-06 10:26:35.222007+02	111	21	graduated	2025-03-06 10:26:35.222007+02
37	Rubavu	Gisenyi	Abraod	Mauritis	None	Single	Alive	f	49.00	73.00	Pass	2025-03-06 10:26:35.232073+02	112	21	graduated	2025-03-06 10:26:35.232073+02
38	Gatsibo	Rurenge	Kicukiro	Rwanda	None	Single	Alive	f	52.00	73.00	Pass	2025-03-06 10:26:35.245029+02	113	21	graduated	2025-03-06 10:26:35.245029+02
39	Rusizi	Rusizi	Kicukiro	Rwanda	None	Single	Alive	f	46.00	73.00	Pass	2025-03-06 10:26:35.254021+02	114	21	graduated	2025-03-06 10:26:35.254021+02
40	Nyamasheke	Mururu	Kayonza	Rwanda	None	Single	Alive	f	55.00	73.00	Pass	2025-03-06 10:26:35.264551+02	115	75	graduated	2025-03-06 10:26:35.264551+02
41	Kayonza	Mukarange	Kicukiro	Rwanda	None	Single	Alive	f	13.00	73.00	Pass	2025-03-06 10:26:35.273549+02	116	75	graduated	2025-03-06 10:26:35.273549+02
42	Bugesera	Nyamiyaga	Gasabo	Rwanda	None	Single	Alive	f	49.00	73.00	Pass	2025-03-06 10:26:35.282501+02	117	75	graduated	2025-03-06 10:26:35.283504+02
43	Rubavu	Rubavu	Rubavu	Rwanda	None	Single	Alive	f	37.00	73.00	Pass	2025-03-06 10:26:35.291593+02	118	75	graduated	2025-03-06 10:26:35.291593+02
44	Bugesera	Nyamata	Gasabo	Rwanda	None	Single	Alive	f	58.00	73.00	Pass	2025-03-06 10:26:35.301636+02	119	75	graduated	2025-03-06 10:26:35.301636+02
45	Nyarugenge	Gatenga	Gasabo	Rwanda	None	Single	Alive	f	61.00	73.00	Pass	2025-03-06 10:26:35.310596+02	120	75	graduated	2025-03-06 10:26:35.310596+02
46	Nyarugenge	Kimisagara	Abraod	USA	None	Single	Alive	f	67.00	73.00	Pass	2025-03-06 10:26:35.318596+02	121	75	graduated	2025-03-06 10:26:35.318596+02
47	Nyarugenge	Muhima	Nyarugenge	Rwanda	None	Single	Alive	f	19.00	73.00	Pass	2025-03-06 10:26:35.326417+02	122	75	graduated	2025-03-06 10:26:35.326417+02
48	Ruhango	Mwendo	Gasabo	Rwanda	None	Single	Alive	f	64.00	73.00	Pass	2025-03-06 10:26:35.33571+02	123	75	graduated	2025-03-06 10:26:35.33571+02
49	Rubavu	Kanama	Kicukiro	Rwanda	None	Single	Alive	f	52.00	73.00	Pass	2025-03-06 10:26:35.344678+02	124	75	graduated	2025-03-06 10:26:35.344678+02
50	Ruhango	Ruhango	Nyarugenge	Rwanda	None	Single	Alive	f	46.00	73.00	Pass	2025-03-06 10:26:35.351868+02	125	75	graduated	2025-03-06 10:26:35.351868+02
51	Bugesera	Mayange	Gasabo	Rwanda	None	Single	Alive	f	64.00	73.00	Pass	2025-03-06 10:26:35.361129+02	126	75	graduated	2025-03-06 10:26:35.361129+02
52	Kayonza	Mukarange	Ngoma	Rwanda	None	Single	Alive	f	25.00	73.00	Pass	2025-03-06 10:26:35.369442+02	127	75	graduated	2025-03-06 10:26:35.369442+02
53	Nyaruguru	Kibeho	Gasabo	Rwanda	None	Single	Alive	f	46.00	73.00	Pass	2025-03-06 10:26:35.37849+02	128	75	graduated	2025-03-06 10:26:35.37849+02
54	Huye	Ngoma	Huye	Rwanda	None	Single	Alive	f	31.00	73.00	Pass	2025-03-06 10:26:35.384508+02	129	75	graduated	2025-03-06 10:26:35.384508+02
55	Musanze	Muhoza	Bugesera	Rwanda	None	Single	Alive	f	67.00	73.00	Pass	2025-03-06 10:26:35.39434+02	130	75	graduated	2025-03-06 10:26:35.39434+02
56	Gasabo	Kimironko	Kicukiro	Rwanda	None	Single	Alive	f	\N	\N	\N	2025-03-06 10:26:35.400382+02	131	7	graduated	2025-03-06 10:26:35.400382+02
57	Kamonyi	Musambira	Gasabo	Rwanda	None	Single	Alive	f	58.00	73.00	Pass	2025-03-06 10:26:35.405393+02	132	7	graduated	2025-03-06 10:26:35.405393+02
58	Karongi	Rugabano	Musanze	Rwanda	None	Single	Alive	f	49.00	73.00	Pass	2025-03-06 10:26:35.413776+02	133	7	graduated	2025-03-06 10:26:35.413776+02
59	Nyamagabe	Gasaka	Abraod	USA	None	Single	Alive	f	70.00	73.00	Pass	2025-03-06 10:26:35.422958+02	134	7	graduated	2025-03-06 10:26:35.422958+02
60	Kicukiro	Niboyi	Kicukiro	Rwanda	None	Single	Alive	f	31.00	73.00	Pass	2025-03-06 10:26:35.432153+02	135	7	graduated	2025-03-06 10:26:35.432153+02
61	Rwamagana	Kigabiro	Rwamagana	Rwanda	None	Single	Alive	f	52.00	73.00	Pass	2025-03-06 10:26:35.438387+02	136	7	graduated	2025-03-06 10:26:35.438387+02
62	Gasabo	Kimironko	Gasabo	Rwanda	None	Single	Alive	f	\N	\N	\N	2025-03-06 10:26:35.445455+02	137	7	graduated	2025-03-06 10:26:35.445455+02
63	Kirehe	Nyarubuye	Huye	Rwanda	None	Single	Alive	f	19.00	73.00	Pass	2025-03-06 10:26:35.452456+02	138	7	graduated	2025-03-06 10:26:35.452456+02
64	Rulindo	Ntarabana	Rulindo	Rwanda	None	Single	Alive	f	\N	\N	\N	2025-03-06 10:26:35.461461+02	139	7	graduated	2025-03-06 10:26:35.461461+02
65	Nyagatare	Karangazi	Kicukiro	Rwanda	None	Single	Alive	f	\N	\N	\N	2025-03-06 10:26:35.468501+02	140	7	graduated	2025-03-06 10:26:35.468501+02
66	Huye	Ngoma	Muhanga	Rwanda	None	Single	Alive	f	\N	\N	\N	2025-03-06 10:26:35.47717+02	141	7	graduated	2025-03-06 10:26:35.47717+02
67	Musanze	Muhoza	Musanze	Rwanda	None	Single	Alive	f	\N	\N	\N	2025-03-06 10:26:35.484311+02	142	7	graduated	2025-03-06 10:26:35.484311+02
68	Musanze	Kinigi	Rubavu	Rwanda	None	Single	Alive	f	\N	\N	\N	2025-03-06 10:26:35.490312+02	143	7	graduated	2025-03-06 10:26:35.490312+02
69	Rwamagana	Rubona	Rwamagana	Rwanda	None	Single	Alive	f	\N	\N	\N	2025-03-06 10:26:35.499371+02	144	7	graduated	2025-03-06 10:26:35.499371+02
70	Nyamagabe	Tare	Nyamagabe	Rwanda	None	Single	Alive	f	\N	\N	\N	2025-03-06 10:26:35.505842+02	145	7	graduated	2025-03-06 10:26:35.505842+02
71	Bugesera	Rilima	Bugesera	Rwanda	None	Single	Alive	f	\N	\N	\N	2025-03-06 10:26:35.515841+02	146	7	graduated	2025-03-06 10:26:35.515841+02
72	Kicukiro	Kicukiro	Kicukiro	Rwanda	None	Single	Alive	f	\N	\N	\N	2025-03-06 10:26:35.528394+02	147	80	graduated	2025-03-06 10:26:35.528891+02
73	Kibungo	Kibungo	Kibungo	Rwanda	None	Single	Alive	f	\N	\N	\N	2025-03-06 10:26:35.537113+02	148	80	graduated	2025-03-06 10:26:35.537351+02
74	kicukiro	kicukiro	kicukiro	Rwanda	None	Single	Alive	f	\N	\N	\N	2025-03-06 10:26:35.546893+02	149	80	graduated	2025-03-06 10:26:35.546893+02
75	Gasabo	Gasabo	Gasabo	Rwanda	None	Single	Alive	f	\N	\N	\N	2025-03-06 10:26:35.553501+02	150	80	graduated	2025-03-06 10:26:35.553501+02
76	Rubavu	Rubavu	Rubavu	Rwanda	None	Single	Alive	f	\N	\N	\N	2025-03-06 10:26:35.561871+02	151	80	graduated	2025-03-06 10:26:35.561871+02
77	Gasabo	Gasabo	Gasabo	Rwanda	None	Single	Alive	f	\N	\N	\N	2025-03-06 10:26:35.570426+02	152	80	graduated	2025-03-06 10:26:35.570426+02
78	Gasabo	Gasabo	Gasabo	Rwanda	None	Single	Alive	f	\N	\N	\N	2025-03-06 10:26:35.579893+02	153	80	graduated	2025-03-06 10:26:35.579893+02
79	Kirehe	Kirehe	Kirehe	Rwanda	None	Single	Alive	f	\N	\N	\N	2025-03-06 10:26:35.587626+02	154	80	graduated	2025-03-06 10:26:35.587626+02
80	Nyanza	Nyanza	Nyanza	Rwanda	None	Single	Alive	f	\N	\N	\N	2025-03-06 10:26:35.59703+02	155	80	graduated	2025-03-06 10:26:35.59703+02
81	Huye	Huye	Huye	Rwanda	None	Single	Alive	f	\N	\N	\N	2025-03-06 10:26:35.60464+02	156	80	graduated	2025-03-06 10:26:35.60464+02
82	Nyarugenge	Kigali	nyarugenge	Rwanda	None	Single	Alive	f	\N	\N	\N	2025-03-06 10:26:35.614343+02	157	80	graduated	2025-03-06 10:26:35.614343+02
83	Bugesera	Bugesera	Bugesera	Rwanda	None	Single	Alive	f	\N	\N	\N	2025-03-06 10:26:35.62234+02	158	80	graduated	2025-03-06 10:26:35.623342+02
84	Gasabo	Kicukiro	Kicukiro	Rwanda	None	Single	Alive	f	\N	\N	\N	2025-03-06 10:26:35.633098+02	159	80	graduated	2025-03-06 10:26:35.633098+02
85	Nyarugenge	Rubavu	Rubavu	Rwanda	None	Single	Alive	f	\N	\N	\N	2025-03-06 10:26:35.639099+02	160	80	graduated	2025-03-06 10:26:35.639099+02
86	Rwamagana	Rwamagana	Rwamagana	Rwanda	None	Single	Alive	f	\N	\N	\N	2025-03-06 10:26:35.649573+02	161	80	graduated	2025-03-06 10:26:35.649573+02
87	Bugesera	Bugesera	Bugesera	Rwanda	None	Single	Alive	f	\N	\N	\N	2025-03-06 10:26:35.655573+02	162	80	graduated	2025-03-06 10:26:35.655573+02
88	Gasabo	Gasabo	Gasabo	Rwanda	None	Single	Alive	f	\N	\N	\N	2025-03-06 10:26:35.66428+02	163	80	graduated	2025-03-06 10:26:35.66428+02
89	Huye	Huye	Huye	Rwanda	None	Single	Alive	f	\N	\N	\N	2025-03-06 10:26:35.670404+02	164	80	graduated	2025-03-06 10:26:35.670404+02
90	Kirehe	Kirehe	Kirehe	Rwanda	None	Single	Alive	f	\N	\N	\N	2025-03-06 10:26:35.678126+02	165	80	graduated	2025-03-06 10:26:35.678126+02
91	Nyarugenge	Nyarugenge	Nyarugenge	Rwanda	None	Single	Alive	f	\N	\N	\N	2025-03-06 10:26:35.68463+02	166	80	graduated	2025-03-06 10:26:35.68463+02
92	Rulindo	Kinihira	Gasabo	Rwanda	None	Single	Alive	f	\N	\N	\N	2025-03-06 10:26:35.691031+02	167	30	graduated	2025-03-06 10:26:35.691031+02
93	Gasabo	Gatsata	Gasabo	Rwanda	None	Single	Alive	f	55.00	73.00	Pass	2025-03-06 10:26:35.699565+02	168	30	graduated	2025-03-06 10:26:35.699565+02
94	Rubavu	Kanzenze	Rubavu	Rwanda	None	Single	Alive	f	\N	\N	\N	2025-03-06 10:26:35.706587+02	169	30	graduated	2025-03-06 10:26:35.706587+02
95	Nyarugenge	Nyamirambo	Nyarugenge	Rwanda	None	Single	Alive	f	43.00	73.00	Pass	2025-03-06 10:26:35.71377+02	170	30	graduated	2025-03-06 10:26:35.71377+02
96	Huye	Ngoma	Huye	Rwanda	None	Single	Alive	f	43.00	73.00	Pass	2025-03-06 10:26:35.720943+02	171	30	graduated	2025-03-06 10:26:35.720943+02
97	Ngororero	Hindiro	Ngororero	Rwanda	None	Single	Alive	f	31.00	73.00	Pass	2025-03-06 10:26:35.728917+02	172	30	graduated	2025-03-06 10:26:35.728917+02
98	Nyanza	Cyabakamyi	Nyanza	Rwanda	None	Single	Alive	f	34.00	73.00	Pass	2025-03-06 10:26:35.7356+02	173	30	graduated	2025-03-06 10:26:35.7356+02
99	Nyarugenge	Kimisagara	Gasabo	Rwanda	None	Single	Alive	f	\N	\N	\N	2025-03-06 10:26:35.745655+02	174	30	graduated	2025-03-06 10:26:35.745655+02
100	Nyagatare	Matimba	Nyagatare	Rwanda	None	Single	Alive	f	40.00	73.00	Pass	2025-03-06 10:26:35.752961+02	175	30	graduated	2025-03-06 10:26:35.752961+02
101	Gasabo	Gatsata	Gasabo	Rwanda	None	Single	Alive	f	\N	\N	\N	2025-03-06 10:26:35.762022+02	176	30	graduated	2025-03-06 10:26:35.762022+02
102	Kamonyi	Nyamiyaga	Kamonyi	Deceased	Deceased	Deceased	Died	f	\N	\N	\N	2025-03-06 10:26:35.768962+02	177	30	graduated	2025-03-06 10:26:35.768962+02
103	Gakenke	Rushashi	Abraod	China	None	Single	Alive	f	\N	\N	\N	2025-03-06 10:26:35.778083+02	178	30	graduated	2025-03-06 10:26:35.778083+02
104	Kicukiro	Gatenga	Kicukiro	Rwanda	None	Single	Alive	f	\N	\N	\N	2025-03-06 10:26:35.7858+02	179	30	graduated	2025-03-06 10:26:35.7858+02
105	Musanze	Muhoza	Kicukiro	Rwanda	None	Single	Alive	f	49.00	73.00	Pass	2025-03-06 10:26:35.794545+02	180	30	graduated	2025-03-06 10:26:35.794545+02
106	Gasabo	Kacyiru	Gasabo	Rwanda	None	Single	Alive	f	\N	\N	\N	2025-03-06 10:26:35.802767+02	181	30	graduated	2025-03-06 10:26:35.802767+02
107	Gasabo	Kinyinya	Gasabo	Rwanda	None	Single	Alive	f	\N	\N	\N	2025-03-06 10:26:35.810917+02	182	30	graduated	2025-03-06 10:26:35.810917+02
108	Nyagatare	Karangazi	Abraod	Uganda	None	Married	Alive	f	\N	\N	\N	2025-03-06 10:26:35.818435+02	183	110	graduated	2025-03-06 10:26:35.818435+02
109	Nyarugenge	Nyakabanda	Nyarugenge	Rwanda	None	Single	Alive	f	\N	\N	\N	2025-03-06 10:26:35.82343+02	184	110	graduated	2025-03-06 10:26:35.82343+02
110	Gicumbi	Muko	Gicumbi	Rwanda	None	Married	Alive	t	\N	\N	\N	2025-03-06 10:26:35.833085+02	185	110	graduated	2025-03-06 10:26:35.833085+02
111	Gasabo	Kimironko	Abraod	Poland	None	Single	Alive	f	\N	\N	\N	2025-03-06 10:26:35.841087+02	186	110	graduated	2025-03-06 10:26:35.841087+02
112	Kayonza	Kabarondo	Kayonza	Rwanda	None	Single	Alive	f	\N	\N	\N	2025-03-06 10:26:35.849095+02	187	110	graduated	2025-03-06 10:26:35.849095+02
113	Kirehe	Nyakarambi	Bugesera	Rwanda	None	Married	Alive	f	\N	\N	\N	2025-03-06 10:26:35.854039+02	188	110	graduated	2025-03-06 10:26:35.854039+02
114	Karongi	Bwiahyura	Gasabo	Rwanda	None	Single	Alive	f	\N	\N	\N	2025-03-06 10:26:35.862542+02	189	110	graduated	2025-03-06 10:26:35.862542+02
115	Nyamasheke	Nyamasheke	Nyarugenge	Rwanda	None	Single	Alive	f	\N	\N	\N	2025-03-06 10:26:35.869554+02	190	110	graduated	2025-03-06 10:26:35.869554+02
116	Nyaruguru	Kibeho	Abraod	France	None	Single	Alive	f	\N	\N	\N	2025-03-06 10:26:35.877848+02	191	110	graduated	2025-03-06 10:26:35.877848+02
117	Kamonyi	Musambira	Kamonyi	Rwanda	None	Single	Alive	f	\N	\N	\N	2025-03-06 10:26:35.883898+02	192	110	graduated	2025-03-06 10:26:35.883898+02
118	Bugesera	Nyamata	Abraod	Canada	None	Single	Alive	f	\N	\N	\N	2025-03-06 10:26:35.891136+02	193	110	graduated	2025-03-06 10:26:35.891136+02
119	Gasabo	Remera	Kicukiro	Rwanda	None	Married	Alive	t	\N	\N	\N	2025-03-06 10:26:35.899916+02	194	110	graduated	2025-03-06 10:26:35.899916+02
120	Gasabo	Remera	Gasabo	Rwanda	None	Married	Alive	t	\N	\N	\N	2025-03-06 10:26:35.907257+02	195	110	graduated	2025-03-06 10:26:35.907257+02
121	Rubavu	Kanama	Rwamagana	Rwanda	None	Single	Alive	f	\N	\N	\N	2025-03-06 10:26:35.915321+02	196	110	graduated	2025-03-06 10:26:35.915321+02
122	Nyagatare	Rwempasha	Abraod	Uganda	None	Married	Alive	f	\N	\N	\N	2025-03-06 10:26:35.924258+02	197	110	graduated	2025-03-06 10:26:35.924258+02
123	Rulindo	Kinihira	Nyarugenge	Rwanda	None	Single	Alive	f	58.00	73.00	Pass	2025-03-06 10:26:35.932292+02	198	5	graduated	2025-03-06 10:26:35.932292+02
124	Kicukiro	Kanombe	Kicukiro	Rwanda	None	Single	Alive	f	52.00	73.00	Pass	2025-03-06 10:26:35.940765+02	199	5	graduated	2025-03-06 10:26:35.940765+02
125	Karongi	Rubengera	Abraod	USA	None	Single	Alive	f	49.00	73.00	Pass	2025-03-06 10:26:35.950501+02	200	5	graduated	2025-03-06 10:26:35.950686+02
126	Rutsiro	Rutsiro	Rutsiro	Rwanda	None	Single	Alive	f	\N	\N	\N	2025-03-06 10:26:35.960689+02	201	5	graduated	2025-03-06 10:26:35.960689+02
127	Rutsiro	Mushubati	Gasabo	Rwanda	None	Single	Alive	f	37.00	73.00	Pass	2025-03-06 10:26:35.967259+02	202	5	graduated	2025-03-06 10:26:35.967259+02
128	Rutsiro	Mushubati	Huye	Rwanda	None	Single	Alive	f	37.00	73.00	Pass	2025-03-06 10:26:35.974296+02	203	5	graduated	2025-03-06 10:26:35.974296+02
129	Deceased	Deceased	Deceased	Deceased	Deceased	Deceased	Died	f	\N	\N	\N	2025-03-06 10:26:35.983287+02	204	5	graduated	2025-03-06 10:26:35.983287+02
130	Nyarugenge	Nyamirambo	Nyarugenge	Rwanda	None	Single	Alive	f	\N	\N	\N	2025-03-06 10:26:35.991346+02	205	5	graduated	2025-03-06 10:26:35.991346+02
131	Ngororero	Muhororo	Kicukiro	Rwanda	None	Single	Alive	f	34.00	73.00	Pass	2025-03-06 10:26:35.999826+02	206	5	graduated	2025-03-06 10:26:35.999826+02
132	Rusizi	Giheke	Gasabo	Rwanda	None	Single	Alive	f	22.00	73.00	Pass	2025-03-06 10:26:36.006814+02	207	5	graduated	2025-03-06 10:26:36.006814+02
133	Gasabo	Kimironko	Nyarugenge	Rwanda	None	Married	Alive	f	22.00	73.00	Pass	2025-03-06 10:26:36.014819+02	208	5	graduated	2025-03-06 10:26:36.014819+02
134	Rwamagana	Muhazi	Kicukiro	Rwanda	None	Single	Alive	f	\N	\N	\N	2025-03-06 10:26:36.019818+02	209	5	graduated	2025-03-06 10:26:36.019818+02
135	Gasabo	Ndera	Gasabo	Rwanda	None	Single	Alive	f	\N	\N	\N	2025-03-06 10:26:36.026817+02	210	5	graduated	2025-03-06 10:26:36.026817+02
136	Ruhango	BYouth Impact Missionana	Nyarugenge	Rwanda	None	Single	Alive	f	\N	\N	\N	2025-03-06 10:26:36.036454+02	211	5	graduated	2025-03-06 10:26:36.036454+02
137	Gasabo	Remera	Gasabo	Rwanda	None	Single	Alive	f	\N	\N	\N	2025-03-06 10:26:36.045917+02	212	5	graduated	2025-03-06 10:26:36.045917+02
138	Muhanga	Cyeza	Muhanga	Rwanda	None	Single	Alive	f	19.00	73.00	Pass	2025-03-06 10:26:36.052909+02	213	5	graduated	2025-03-06 10:26:36.052909+02
139	Rwamagana	Mwulire	Gasabo	Rwanda	None	Single	Alive	f	40.00	73.00	Pass	2025-03-06 10:26:36.062814+02	214	55	graduated	2025-03-06 10:26:36.062814+02
140	Musanze	Nyange	Musanze	Rwanda	None	Single	Alive	f	25.00	73.00	Pass	2025-03-06 10:26:36.06979+02	215	55	graduated	2025-03-06 10:26:36.06979+02
141	Nyanza	Ntyazo	Kicukiro	Rwanda	None	Single	Alive	f	13.00	73.00	Pass	2025-03-06 10:26:36.078425+02	216	55	graduated	2025-03-06 10:26:36.078425+02
142	Gisagara	Mugombwa	Kicukiro	Rwanda	None	Married	Alive	t	\N	\N	\N	2025-03-06 10:26:36.085416+02	217	55	graduated	2025-03-06 10:26:36.085416+02
143	Nyamagabe	Kigoma	Abraod	Canada	None	Single	Alive	f	52.00	73.00	Pass	2025-03-06 10:26:36.090411+02	218	55	graduated	2025-03-06 10:26:36.090411+02
144	Nyaruguru	Nyagisozi	Nyarugenge	Rwanda	None	Single	Alive	f	67.00	73.00	Pass	2025-03-06 10:26:36.100204+02	219	55	graduated	2025-03-06 10:26:36.100204+02
145	Rusizi	Bugarama	Rusizi	Rwanda	None	Single	Alive	f	\N	\N	\N	2025-03-06 10:26:36.108772+02	220	55	graduated	2025-03-06 10:26:36.108772+02
146	Kicukiro	Nyarugunga	Abraod	USA	None	Single	Alive	f	58.00	73.00	Pass	2025-03-06 10:26:36.120848+02	221	55	graduated	2025-03-06 10:26:36.120848+02
147	Kicukiro	Nyarugunga	Kicukiro	Rwanda	None	Single	Alive	t	\N	\N	\N	2025-03-06 10:26:36.129865+02	222	55	graduated	2025-03-06 10:26:36.129865+02
148	Nyanza	Rwabicuma	Nyanza	Rwanda	None	Single	Alive	f	46.00	73.00	Pass	2025-03-06 10:26:36.13585+02	223	55	graduated	2025-03-06 10:26:36.13585+02
149	Bugesera	Nyamata	Gakenke	Rwanda	None	Married	Alive	t	19.00	73.00	Pass	2025-03-06 10:26:36.143541+02	224	55	graduated	2025-03-06 10:26:36.143541+02
150	Ngoma	Remera	Gasabo	Rwanda	None	Married	Alive	t	34.00	73.00	Pass	2025-03-06 10:26:36.151573+02	225	55	graduated	2025-03-06 10:26:36.151573+02
151	Gasabo	Rutunga	Gasabo	Rwanda	None	Married	Alive	f	46.00	73.00	Pass	2025-03-06 10:26:36.158278+02	226	55	graduated	2025-03-06 10:26:36.159276+02
152	Nyarugenge	Nyamirambo	Abraod	Costa Rica	None	Single	Alive	f	43.00	73.00	Pass	2025-03-06 10:26:36.166015+02	227	55	graduated	2025-03-06 10:26:36.166015+02
153	Kamonyi	Kayenzi	Kamonyi	Rwanda	None	Single	Alive	f	43.00	73.00	Pass	2025-03-06 10:26:36.177927+02	228	55	graduated	2025-03-06 10:26:36.177927+02
154	Gasabo	Bumbogo	Gasabo	Rwanda	None	Single	Alive	t	46.00	73.00	Pass	2025-03-06 10:26:36.186978+02	229	55	graduated	2025-03-06 10:26:36.186978+02
155	Bugesera	Ruhuha	Bugesera	Rwanda	None	Married	Alive	t	\N	\N	\N	2025-03-06 10:26:36.195936+02	230	112	graduated	2025-03-06 10:26:36.195936+02
156	Nyagatare	Rwagitima	Kicukiro	Rwanda	None	Married	Alive	t	\N	\N	\N	2025-03-06 10:26:36.20368+02	231	112	graduated	2025-03-06 10:26:36.20368+02
157	Rulindo	Kinzuzi	Gasabo	Rwanda	None	Married	Alive	t	\N	\N	\N	2025-03-06 10:26:36.212753+02	232	112	graduated	2025-03-06 10:26:36.212753+02
158	Huye	Ngoma	Bugesera	Rwanda	None	Married	Alive	t	\N	\N	\N	2025-03-06 10:26:36.223612+02	233	112	graduated	2025-03-06 10:26:36.223612+02
159	Rusizi	Bugarama	Abraod	USA	None	Married	Alive	t	\N	\N	\N	2025-03-06 10:26:36.233908+02	234	112	graduated	2025-03-06 10:26:36.233908+02
160	Gisagara	Kansi	Abraod	USA	None	Married	Alive	f	\N	\N	\N	2025-03-06 10:26:36.244866+02	235	112	graduated	2025-03-06 10:26:36.244866+02
161	Nyamagabe	Kaduha	Bugesera	Rwanda	None	Married	Alive	f	\N	\N	\N	2025-03-06 10:26:36.250909+02	236	112	graduated	2025-03-06 10:26:36.250909+02
162	Gasabo	Kimironko	Abraod	USA	None	Single	Alive	f	\N	\N	\N	2025-03-06 10:26:36.257914+02	237	112	graduated	2025-03-06 10:26:36.257914+02
163	Bugesera	Nyamata	Bugesera	Rwanda	None	Married	Alive	t	\N	\N	\N	2025-03-06 10:26:36.264973+02	238	112	graduated	2025-03-06 10:26:36.264973+02
164	Nyabihu	Bigongwe	Rubavu	Rwanda	None	Single	Alive	f	\N	\N	\N	2025-03-06 10:26:36.272974+02	239	112	graduated	2025-03-06 10:26:36.272974+02
165	Rubavu	Kanzenze	Gasabo	Rwanda	None	Married	Alive	t	\N	\N	\N	2025-03-06 10:26:36.281105+02	240	112	graduated	2025-03-06 10:26:36.281105+02
166	Huye	Ngoma	Huye	Rwanda	None	Married	Alive	t	\N	\N	\N	2025-03-06 10:26:36.287837+02	241	112	graduated	2025-03-06 10:26:36.287837+02
167	Kayonza	Rukira	Kayonza	Rwanda	None	Single with Children	Alive	f	\N	\N	\N	2025-03-06 10:26:36.295838+02	242	112	graduated	2025-03-06 10:26:36.295838+02
168	Ruhango	Mbuye	Gasabo	Rwanda	None	Maried	Alive	f	\N	\N	\N	2025-03-06 10:26:36.306295+02	243	112	graduated	2025-03-06 10:26:36.306295+02
580	Rusizi	Kamembe	Rusizi	Rwanda	None	Single	Alive	f	34.00	73.00	Pass	2025-03-25 10:40:56.990465+02	661	39	graduated	2025-03-25 10:40:56.991475+02
581	Rubavu	Bugeshi	Abraod	USA	None	Single	Alive	f	49.00	73.00	Pass	2025-03-25 10:40:57.000459+02	662	39	graduated	2025-03-25 10:40:57.000459+02
582	Nyanza	Rwabicuma	Nyarugenge	USA	None	Single	Alive	f	46.00	73.00	Pass	2025-03-25 10:40:57.011484+02	663	39	graduated	2025-03-25 10:40:57.011484+02
583	Ngoma	Sake	gasabo	Rwanda	None	Single	Alive	f	49.00	73.00	Pass	2025-03-25 10:40:57.020918+02	664	39	graduated	2025-03-25 10:40:57.020918+02
584	Kirehe	Nyarubuye	Kicukiro	Rwanda	None	Single	Alive	f	64.00	73.00	Pass	2025-03-25 10:40:57.030811+02	665	39	graduated	2025-03-25 10:40:57.030811+02
585	Rwamagana	Nyagasambu	Kicukiro	Rwanda	None	Single	Alive	f	43.00	73.00	Pass	2025-03-25 10:40:57.040817+02	666	39	graduated	2025-03-25 10:40:57.040817+02
586	Gasabo	Remera	Kicukiro	Rwanda	None	Single	Alive	f	40.00	73.00	Pass	2025-03-25 10:40:57.04877+02	667	39	graduated	2025-03-25 10:40:57.04877+02
587	Burera	gatebe	Burera	Rwanda	None	Single	Alive	f	73.00	73.00	Pass	2025-03-25 10:40:57.059894+02	668	39	graduated	2025-03-25 10:40:57.059894+02
588	Gasabo	Kimironko	Gasabo	Rwanda	None	Single	Alive	f	52.00	73.00	Pass	2025-03-25 10:40:57.070915+02	669	39	graduated	2025-03-25 10:40:57.070915+02
589	Kicukiro	Kanombe	Kicukiro	Rwanda	None	Married	Alive	t	\N	\N	\N	2025-03-25 10:40:57.078854+02	670	108	graduated	2025-03-25 10:40:57.078854+02
590	Musanze	Muhoza	Musanze	Rwanda	None	Married	Alive	f	\N	\N	\N	2025-03-25 10:40:57.088916+02	671	108	graduated	2025-03-25 10:40:57.088916+02
591	Rubavu	Gisenyi	Rubavu	Rwanda	None	Married	Alive	t	\N	\N	\N	2025-03-25 10:40:57.09692+02	672	108	graduated	2025-03-25 10:40:57.09692+02
592	Rulindo	Rusiga	Kirehe	Rwanda	None	Married	Alive	t	\N	\N	\N	2025-03-25 10:40:57.10492+02	673	108	graduated	2025-03-25 10:40:57.10492+02
593	Rulindo	Rusiga	Nyagatare	Rwanda	None	Single with Children	Alive	t	\N	\N	\N	2025-03-25 10:40:57.112854+02	674	108	graduated	2025-03-25 10:40:57.112854+02
594	Nyanza	Busasamana	Nyanza	Rwanda	None	Married	Alive	t	\N	\N	\N	2025-03-25 10:40:57.12185+02	675	108	graduated	2025-03-25 10:40:57.12185+02
595	Rutsiro	Boneza	Musanze	Rwanda	None	Married	Alive	f	\N	\N	\N	2025-03-25 10:40:57.132856+02	676	108	graduated	2025-03-25 10:40:57.132856+02
596	Ngoma	Kibungo	Ngoma	Rwanda	None	Single with Children	Alive	f	\N	\N	\N	2025-03-25 10:40:57.142491+02	677	108	graduated	2025-03-25 10:40:57.142491+02
597	Kayonza	Mukarange	Kicukiro	Rwanda	None	Married	Alive	t	\N	\N	\N	2025-03-25 10:40:57.151584+02	678	108	graduated	2025-03-25 10:40:57.151584+02
598	Bugesera	Nyamata	Gasabo	Rwanda	None	Married	Alive	t	\N	\N	\N	2025-03-25 10:40:57.161529+02	679	108	graduated	2025-03-25 10:40:57.161529+02
599	Muhanga	Nyarusange	Kirehe	Rwanda	None	Married	Alive	t	\N	\N	\N	2025-03-25 10:40:57.167497+02	680	108	graduated	2025-03-25 10:40:57.167497+02
600	Rwamagana	Kigabiro	Huye	Rwanda	None	Married	Alive	t	\N	\N	\N	2025-03-25 10:40:57.174567+02	681	108	graduated	2025-03-25 10:40:57.174567+02
601	Kayonza	Rukira	Gisagara	Rwanda	None	Married	Alive	t	\N	\N	\N	2025-03-25 10:40:57.17954+02	682	108	graduated	2025-03-25 10:40:57.18054+02
602	Rulindo	Shyorongi	Abraod	Swizland	None	Married	Alive	f	\N	\N	\N	2025-03-25 10:40:57.188565+02	683	108	graduated	2025-03-25 10:40:57.188565+02
603	Nyamagabe	Nyamagabe	Nyarugenge	Rwanda	None	Single	Alive	f	28.00	73.00	Pass	2025-03-25 10:40:57.195537+02	684	36	graduated	2025-03-25 10:40:57.195537+02
604	Rwamagana	Munyaga	Gasabo	Rwanda	None	Married	Alive	f	\N	\N	\N	2025-03-25 10:40:57.204754+02	685	36	graduated	2025-03-25 10:40:57.204754+02
605	Gasabo	Kimironko	Gasabo	Rwanda	None	Married	Alive	f	\N	\N	\N	2025-03-25 10:40:57.213803+02	686	36	graduated	2025-03-25 10:40:57.213803+02
606	Rwamagana	Muhazi	Rwamagana	Rwanda	None	Single	Alive	f	46.00	73.00	Pass	2025-03-25 10:40:57.223823+02	687	36	graduated	2025-03-25 10:40:57.223823+02
607	Gasabo	Kimironko	Gasabo	Rwanda	None	Single	Alive	f	37.00	73.00	Pass	2025-03-25 10:40:57.232764+02	688	36	graduated	2025-03-25 10:40:57.232764+02
608	Nyarugenge	Kimisagara	Nyarugenge	Rwanda	None	Married	Alive	f	37.00	73.00	Pass	2025-03-25 10:40:57.243806+02	689	36	graduated	2025-03-25 10:40:57.243806+02
609	Gisagara	Save	Kicukiro	Rwanda	None	Single	Alive	f	46.00	73.00	Pass	2025-03-25 10:40:57.255828+02	690	36	graduated	2025-03-25 10:40:57.255828+02
610	Nyamasheke	Nyamiyaga	Nyarugenge	Rwanda	None	Single	Alive	f	46.00	73.00	Pass	2025-03-25 10:40:57.26392+02	691	36	graduated	2025-03-25 10:40:57.26392+02
611	Nyamasheke	Nyamasheke	Nyamasheke	Rwanda	None	Single	Alive	t	13.00	73.00	Pass	2025-03-25 10:40:57.272007+02	692	36	graduated	2025-03-25 10:40:57.272007+02
612	Kicukiro	Kanombe	Kicukiro	Rwanda	None	Single	Alive	f	\N	\N	\N	2025-03-25 10:40:57.27897+02	693	36	graduated	2025-03-25 10:40:57.27897+02
613	Ngoma	Kibungo	Nyarugenge	Rwanda	None	Single	Alive	f	49.00	73.00	Pass	2025-03-25 10:40:57.287617+02	694	36	graduated	2025-03-25 10:40:57.287617+02
614	Rusizi	Bugarama	Kamonyi	Rwanda	None	Single	Alive	f	37.00	73.00	Pass	2025-03-25 10:40:57.296591+02	695	36	graduated	2025-03-25 10:40:57.296591+02
615	Nyanza	Ntyazo	Nyanza	Rwanda	None	Married	Alive	f	\N	\N	\N	2025-03-25 10:40:57.308274+02	696	36	graduated	2025-03-25 10:40:57.308274+02
616	Kicukiro	Ndera	Nyarugenge	Rwanda	None	Single	Alive	f	37.00	73.00	Pass	2025-03-25 10:40:57.316263+02	697	36	graduated	2025-03-25 10:40:57.316263+02
617	Mahama	Kirehe	Mahama	Kirehe	None	Single	Alive	f	\N	\N	\N	2025-03-25 10:40:57.326251+02	698	47	graduated	2025-03-25 10:40:57.326251+02
618	Mwulire	Rwamagana	Mwulire	Rwamagana	None	Single	Alive	f	\N	\N	\N	2025-03-25 10:40:57.334264+02	699	47	graduated	2025-03-25 10:40:57.334264+02
619	Ngoma	Huye	Ngoma	Huye	None	Single	Alive	f	\N	\N	\N	2025-03-25 10:40:57.343317+02	700	47	graduated	2025-03-25 10:40:57.343317+02
620	Kicukiro	Kigabiro	Kicukiro	Kicukiro	None	Single	Alive	f	\N	\N	\N	2025-03-25 10:40:57.350291+02	701	47	graduated	2025-03-25 10:40:57.350291+02
621	Nyagatare	Nyagatare	Nyagatare	Nyagatare	None	Single	Alive	f	\N	\N	\N	2025-03-25 10:40:57.360326+02	702	47	graduated	2025-03-25 10:40:57.360326+02
622	Kayonza	Nyamirama	Kayonza	KAYONZA	None	Single	Alive	f	\N	\N	\N	2025-03-25 10:40:57.367298+02	703	47	graduated	2025-03-25 10:40:57.367298+02
623	Kansi	Gisagara	Kansi	Gisagara	None	Single	Alive	f	\N	\N	\N	2025-03-25 10:40:57.377629+02	704	47	graduated	2025-03-25 10:40:57.377629+02
624	Rubona	Rwamagana	Rwamagana	Rwamagana	None	Single	Alive	f	\N	\N	\N	2025-03-25 10:40:57.387609+02	705	47	graduated	2025-03-25 10:40:57.387609+02
625	Ririma	Bugesera	Bugesera	Bugesera	None	Single	Alive	f	\N	\N	\N	2025-03-25 10:40:57.396641+02	706	47	graduated	2025-03-25 10:40:57.396641+02
626	Bigogwe	Nyabihu	Nyabihu	Nyabihu	None	Single	Alive	f	\N	\N	\N	2025-03-25 10:40:57.40562+02	707	47	graduated	2025-03-25 10:40:57.40562+02
627	Ndego	Kayonza	Kayonza	Kayonza	None	Single	Alive	f	\N	\N	\N	2025-03-25 10:40:57.411601+02	708	47	graduated	2025-03-25 10:40:57.411601+02
628	Muyumbu	Gasabo	Kicukiro	gasabo	None	Single	Alive	f	\N	\N	\N	2025-03-25 10:40:57.418578+02	709	47	graduated	2025-03-25 10:40:57.418578+02
629	Gacurabwenge	KAMONYI	Gacurabwenge	Kamonyi	None	Single	Alive	f	\N	\N	\N	2025-03-25 10:40:57.427606+02	710	47	graduated	2025-03-25 10:40:57.427606+02
630	Rusororo	Gasabo	Rusororo	Gasabo	None	Single	Alive	f	\N	\N	\N	2025-03-25 10:40:57.436576+02	711	47	graduated	2025-03-25 10:40:57.436576+02
631	Rwimbogo	Rusizi	Rwimbogo	Rusizi	None	Single	Alive	f	\N	\N	\N	2025-03-25 10:40:57.445614+02	712	47	graduated	2025-03-25 10:40:57.445614+02
632	Nyagisozi	Nyanza	Nyagisozi	Nyanza	None	Single	Alive	f	\N	\N	\N	2025-03-25 10:40:57.453561+02	713	47	graduated	2025-03-25 10:40:57.453561+02
633	Rubengera	Karongi	Rubengera	Karongi	None	Single	Alive	f	\N	\N	\N	2025-03-25 10:40:57.461616+02	714	47	graduated	2025-03-25 10:40:57.461616+02
634	Tumba	NYARUREMBO	Tumba	Huye	None	Single	Alive	f	\N	\N	\N	2025-03-25 10:40:57.470696+02	715	47	graduated	2025-03-25 10:40:57.470696+02
635	Nyarugunga	kicukiro	Nyarugunga	kicukiro	None	Single	Alive	f	\N	\N	\N	2025-03-25 10:40:57.478742+02	716	47	graduated	2025-03-25 10:40:57.478742+02
636	Busasamana	Nyanza	Busasamana	Nyanza	None	Single	Alive	f	\N	\N	\N	2025-03-25 10:40:57.487698+02	717	47	graduated	2025-03-25 10:40:57.487698+02
637	Nyagatare	Nyagatare	Kicukiro	Nyagatare	None	Single	Alive	f	\N	\N	\N	2025-03-25 10:40:57.495757+02	718	48	graduated	2025-03-25 10:40:57.495757+02
638	Muyinga	Bujumbura	Muyinga	Bujumbura	None	Single	Alive	f	\N	\N	\N	2025-03-25 10:40:57.505305+02	719	48	graduated	2025-03-25 10:40:57.505305+02
639	Nyabihu	Mukamira	Nyabihu	Nyabihu	None	Single	Alive	f	\N	\N	\N	2025-03-25 10:40:57.513241+02	720	48	graduated	2025-03-25 10:40:57.513241+02
640	Mwurile	Kayonza	Rwamagana	Kayonza	None	Single	Alive	f	\N	\N	\N	2025-03-25 10:40:57.520314+02	721	48	graduated	2025-03-25 10:40:57.520314+02
641	Cyinzuzi	Rulindo	Rulindo	Rulindo	None	Single	Alive	f	\N	\N	\N	2025-03-25 10:40:57.526323+02	722	48	graduated	2025-03-25 10:40:57.526323+02
642	Kigarama	Kicukiro	Kicukiro	Kicukiro	None	Single	Alive	f	\N	\N	\N	2025-03-25 10:40:57.53528+02	723	48	graduated	2025-03-25 10:40:57.53528+02
643	Mahama	Kirehe	Mahama	Kirehe	None	Single	Alive	f	\N	\N	\N	2025-03-25 10:40:57.541238+02	724	48	graduated	2025-03-25 10:40:57.541238+02
644	Bibare	Gasabo	Gasabo	Gasabo	None	Single	Alive	f	\N	\N	\N	2025-03-25 10:40:57.5497+02	725	48	graduated	2025-03-25 10:40:57.5497+02
645	Nyamata	Bugesera	Bugesera	Bugesera	None	Single	Alive	f	\N	\N	\N	2025-03-25 10:40:57.559735+02	726	48	graduated	2025-03-25 10:40:57.559735+02
646	Gatenga	Kicukiro	Kicukiro	Kicukiro	None	Single	Alive	f	\N	\N	\N	2025-03-25 10:40:57.568898+02	727	48	graduated	2025-03-25 10:40:57.568898+02
647	Busasamana	Nyanza	Nyanza	Nyanza	None	Single	Alive	f	\N	\N	\N	2025-03-25 10:40:57.577893+02	728	48	graduated	2025-03-25 10:40:57.577893+02
648	Kacyiru	Gasabo	Kacyiru	Gasabo	None	Single	Alive	f	\N	\N	\N	2025-03-25 10:40:57.583839+02	729	48	graduated	2025-03-25 10:40:57.583839+02
649	Kigina	Kirehe	Kigina	Kirehe	None	Single	Alive	f	\N	\N	\N	2025-03-25 10:40:57.591886+02	730	48	graduated	2025-03-25 10:40:57.591886+02
650	Kazo	Ngoma	Kazo	Ngoma	None	Single	Alive	f	\N	\N	\N	2025-03-25 10:40:57.598837+02	731	48	graduated	2025-03-25 10:40:57.598837+02
651	Nyakabanda	Nyarugenge	Nyakabanda	Nyarugenge	None	Single	Alive	f	\N	\N	\N	2025-03-25 10:40:57.607838+02	732	48	graduated	2025-03-25 10:40:57.607838+02
652	Rugalika	Kamonyi	Rugalika	Kamonyi	None	Single	Alive	f	\N	\N	\N	2025-03-25 10:40:57.615835+02	733	48	graduated	2025-03-25 10:40:57.615835+02
653	Kinyinya	Gasabo	Kinyinya	Gasabo	None	Single	Alive	f	\N	\N	\N	2025-03-25 10:40:57.626004+02	734	48	graduated	2025-03-25 10:40:57.626004+02
654	Musaza	Kirehe	Musaza	Kirehe	None	Single	Alive	f	\N	\N	\N	2025-03-25 10:40:57.6361+02	735	48	graduated	2025-03-25 10:40:57.6361+02
655	Gatenga	Nyarugenge	Gatenga	Nyarugenge	None	Single	Alive	f	\N	\N	\N	2025-03-25 10:40:57.645139+02	736	48	graduated	2025-03-25 10:40:57.645139+02
656	Kagarama	Kicukiro	Kagarama	Kicukiro	None	Single	Alive	f	\N	\N	\N	2025-03-25 10:40:57.655092+02	737	48	graduated	2025-03-25 10:40:57.655092+02
657	Gihungwe	Rusizi	Gihungwe	Rusizi	None	Single	Alive	f	\N	\N	\N	2025-03-25 10:40:57.663796+02	738	48	graduated	2025-03-25 10:40:57.663796+02
658	Rubona	Rwamagana	Rubona	Rwamagana	None	Single	Alive	f	\N	\N	\N	2025-03-25 10:40:57.671734+02	739	48	graduated	2025-03-25 10:40:57.671734+02
659	Tumba	Huye	Tumba	Huye	None	Single	Alive	f	\N	\N	\N	2025-03-25 10:40:57.680805+02	740	48	graduated	2025-03-25 10:40:57.680805+02
660	Bigogwe	Nyabihu	Bigogwe	Nyabihu	None	Single	Alive	f	\N	\N	\N	2025-03-25 10:40:57.688735+02	741	48	graduated	2025-03-25 10:40:57.688735+02
661	Rulindo	Masoro	Masoro	Rwanda	None	Single	Alive	f	\N	\N	\N	2025-03-25 10:40:57.696793+02	742	85	graduated	2025-03-25 10:40:57.696793+02
662	BUGESERA	BUGESERA	BUGESERA	Rwanda	None	Single	Alive	f	\N	\N	\N	2025-03-25 10:40:57.705791+02	743	85	graduated	2025-03-25 10:40:57.705791+02
663	BUGESERA	BUGESERA	BUGESERA	Rwanda	None	Single	Alive	f	\N	\N	\N	2025-03-25 10:40:57.712829+02	744	85	graduated	2025-03-25 10:40:57.712829+02
664	Nyamagabe	Nyamagabe	Nyamagabe	Rwanda	None	Single	Alive	f	\N	\N	\N	2025-03-25 10:40:57.723802+02	745	85	graduated	2025-03-25 10:40:57.723802+02
665	Kicukiro	Kanombe	Kanombe	Rwanda	None	Single	Alive	f	\N	\N	\N	2025-03-25 10:40:57.732743+02	746	85	graduated	2025-03-25 10:40:57.732743+02
666	Rubavu	Rubavu	Rubavu	Rwanda	None	Single	Alive	f	\N	\N	\N	2025-03-25 10:40:57.742797+02	747	85	graduated	2025-03-25 10:40:57.742797+02
667	Nyanza	Nyanza	Nyanza	Rwanda	None	Single	Alive	f	\N	\N	\N	2025-03-25 10:40:57.751737+02	748	85	graduated	2025-03-25 10:40:57.751737+02
668	Huye	Huye	Huye	Rwanda	None	Single	Alive	f	\N	\N	\N	2025-03-25 10:40:57.761778+02	749	85	graduated	2025-03-25 10:40:57.761778+02
669	BUGESERA	BUGESERA	BUGESERA	Rwanda	None	Single	Alive	f	\N	\N	\N	2025-03-25 10:40:57.772336+02	750	85	graduated	2025-03-25 10:40:57.772336+02
670	BUGESERA	Nyagatare	Nyagatare	Rwanda	None	Single	Alive	f	\N	\N	\N	2025-03-25 10:40:57.779408+02	751	85	graduated	2025-03-25 10:40:57.779408+02
671	Ruhango	Ruhango	Ruhango	Rwanda	None	Single	Alive	f	\N	\N	\N	2025-03-25 10:40:57.788402+02	752	85	graduated	2025-03-25 10:40:57.788402+02
672	kirehe	kirehe	kirehe	Rwanda	None	Single	Alive	f	\N	\N	\N	2025-03-25 10:40:57.794387+02	753	85	graduated	2025-03-25 10:40:57.794387+02
673	Rubavu	Gisenyi	Nyagatare	Rwanda	None	Single	Alive	f	\N	\N	\N	2025-03-25 10:40:57.803414+02	754	85	graduated	2025-03-25 10:40:57.803414+02
674	Kicukiro	Kicukiro	Kicukiro	Rwanda	None	Single	Alive	f	\N	\N	\N	2025-03-25 10:40:57.810378+02	755	85	graduated	2025-03-25 10:40:57.810378+02
675	Gasabo	Gasabo	Gasabo	Rwanda	None	Single	Alive	f	\N	\N	\N	2025-03-25 10:40:57.81934+02	756	85	graduated	2025-03-25 10:40:57.81934+02
676	huye	huye	huye	Rwanda	None	Single	Alive	f	\N	\N	\N	2025-03-25 10:40:57.828382+02	757	85	graduated	2025-03-25 10:40:57.828382+02
677	Gasabo	Rusororo	Rusororo	Rwanda	None	Single	Alive	f	\N	\N	\N	2025-03-25 10:40:57.838382+02	758	85	graduated	2025-03-25 10:40:57.838382+02
678	Rwamagana	Rwamagana	Rwamagana	Rwanda	None	Single	Alive	f	\N	\N	\N	2025-03-25 10:40:57.846385+02	759	85	graduated	2025-03-25 10:40:57.846385+02
679	Kicukiro	Kicukiro	Kicukiro	Rwanda	None	Single	Alive	f	\N	\N	\N	2025-03-25 10:40:57.855986+02	760	85	graduated	2025-03-25 10:40:57.855986+02
680	Gasabo	Kacyiru	Gasabo	Rwanda	None	Single	Alive	f	\N	\N	\N	2025-03-25 10:40:57.861156+02	761	85	graduated	2025-03-25 10:40:57.861156+02
681	BUGESERA	BUGESERA	BUGESERA	Rwanda	None	Single	Alive	f	\N	\N	\N	2025-03-25 10:40:57.870122+02	762	85	graduated	2025-03-25 10:40:57.870122+02
682	Kicukiro	Kicukiro	Kicukiro	Rwanda	None	Single	Alive	f	\N	\N	\N	2025-03-25 10:40:57.878907+02	763	85	graduated	2025-03-25 10:40:57.878907+02
683	Musanze	Kinoni	Nyarugenge	Rwanda	None	Single	Alive	f	49.00	73.00	Pass	2025-03-25 10:40:57.889238+02	764	79	graduated	2025-03-25 10:40:57.889238+02
684	Nyanza	Busasamana	Kicukiro	Rwanda	None	Single	Alive	f	55.00	73.00	Pass	2025-03-25 10:40:57.898248+02	765	79	graduated	2025-03-25 10:40:57.898248+02
685	Gasabo	Kimironko	Gasabo	Rwanda	None	Married	Alive	f	19.00	73.00	Pass	2025-03-25 10:40:57.909232+02	766	79	graduated	2025-03-25 10:40:57.909232+02
686	Huye	Ngoma	Huye	Rwanda	None	Married	Alive	t	64.00	73.00	Pass	2025-03-25 10:40:57.918183+02	767	79	graduated	2025-03-25 10:40:57.918183+02
687	Ngororero	Muhororo	Ngoma	Rwanda	None	Married	Alive	t	55.00	73.00	Pass	2025-03-25 10:40:57.928231+02	768	79	graduated	2025-03-25 10:40:57.928231+02
688	Gasabo	Kimironko	Gasabo	Rwanda	None	Married	Alive	t	40.00	73.00	Pass	2025-03-25 10:40:57.938245+02	769	79	graduated	2025-03-25 10:40:57.938245+02
689	Rwamagana	Fumbwe	Kicukiro	Rwanda	None	Single	Alive	f	28.00	73.00	Pass	2025-03-25 10:40:57.947177+02	770	79	graduated	2025-03-25 10:40:57.947177+02
690	Rulindo	Masoro	Gasabo	Rwanda	None	Married	Alive	f	22.00	73.00	Pass	2025-03-25 10:40:57.957271+02	771	79	graduated	2025-03-25 10:40:57.958242+02
691	Rusizi	Bushenge	Nyarugenge	Rwanda	None	Married	Alive	t	16.00	73.00	Pass	2025-03-25 10:40:57.968093+02	772	79	graduated	2025-03-25 10:40:57.968093+02
692	Nyanza	Kigoma	Nyarugenge	Rwanda	None	Single	Alive	f	31.00	73.00	Pass	2025-03-25 10:40:57.978139+02	773	79	graduated	2025-03-25 10:40:57.978139+02
693	Kicukiro	Niboye	Kicukiro	Rwanda	None	Married	Alive	f	55.00	73.00	Pass	2025-03-25 10:40:57.98714+02	774	79	graduated	2025-03-25 10:40:57.98714+02
694	Rwamagana	Muhazi	Nyarugenge	Rwanda	None	Single	Alive	f	55.00	73.00	Pass	2025-03-25 10:40:57.996115+02	775	79	graduated	2025-03-25 10:40:57.996115+02
695	Kirehe	Nyarubuye	Kirehe	Rwanda	None	Married	Alive	t	58.00	73.00	Pass	2025-03-25 10:40:58.004101+02	776	79	graduated	2025-03-25 10:40:58.004101+02
696	Rusizi	Gihundwe	Kicukiro	Rwanda	None	Single	Alive	f	49.00	73.00	Pass	2025-03-25 10:40:58.013114+02	777	79	graduated	2025-03-25 10:40:58.013114+02
697	Kamonyi	Runda	Kamonyi	Rwanda	None	Single	Alive	t	28.00	73.00	Pass	2025-03-25 10:40:58.022125+02	778	79	graduated	2025-03-25 10:40:58.022125+02
698	Huye	Ngoma	Huye	Rwanda	None	Single	Alive	f	\N	\N	\N	2025-03-25 10:40:58.028078+02	779	93	graduated	2025-03-25 10:40:58.028078+02
699	Huye	Tumba	Huye	Rwanda	None	Single	Alive	f	49.00	73.00	Pass	2025-03-25 10:40:58.038327+02	780	93	graduated	2025-03-25 10:40:58.038327+02
700	Ruhango	BYouth Impact Missionana	Ruhango	Rwanda	None	Single	Alive	f	46.00	73.00	Pass	2025-03-25 10:40:58.046381+02	781	93	graduated	2025-03-25 10:40:58.046381+02
701	Huye	Kigoma	Huye	Rwanda	None	Single	Alive	f	49.00	73.00	Pass	2025-03-25 10:40:58.055865+02	782	93	graduated	2025-03-25 10:40:58.055865+02
702	Gasabo	Gatsata	Gasabo	Rwanda	None	Single	Alive	f	58.00	73.00	Pass	2025-03-25 10:40:58.062849+02	783	93	graduated	2025-03-25 10:40:58.062849+02
703	Nyanza	Kibirizi	Gatsibo	Rwanda	None	Single	Alive	f	37.00	73.00	Pass	2025-03-25 10:40:58.07487+02	784	93	graduated	2025-03-25 10:40:58.07487+02
704	Kamonyi	Nyamiyaga	Kamonyi	Rwanda	None	Single	Alive	f	43.00	73.00	Pass	2025-03-25 10:40:58.082848+02	785	93	graduated	2025-03-25 10:40:58.082848+02
705	Gisagara	Kansi	Gasabo	Rwanda	None	Single	Alive	f	34.00	73.00	Pass	2025-03-25 10:40:58.094875+02	786	93	graduated	2025-03-25 10:40:58.094875+02
706	Nyarugenge	Kimisagara	Nyarugenge	Rwanda	None	Single	Alive	f	55.00	73.00	Pass	2025-03-25 10:40:58.103868+02	787	93	graduated	2025-03-25 10:40:58.103868+02
707	Gasabo	Rutunga	Gasabo	Rwanda	None	Single	Alive	f	43.00	73.00	Pass	2025-03-25 10:40:58.112835+02	788	93	graduated	2025-03-25 10:40:58.112835+02
708	Rubavu	Gisenyi	Gasabo	Rwanda	None	Single	Alive	f	\N	\N	\N	2025-03-25 10:40:58.124802+02	789	93	graduated	2025-03-25 10:40:58.124802+02
709	Gasabo	Kimihurura	Gasabo	Rwanda	None	Single	Alive	f	10.00	73.00	Pass	2025-03-25 10:40:58.136059+02	790	93	graduated	2025-03-25 10:40:58.136059+02
710	Gasabo	Kacyiru	Gasabo	Rwanda	None	Single	Alive	f	46.00	73.00	Pass	2025-03-25 10:40:58.145036+02	791	93	graduated	2025-03-25 10:40:58.145036+02
711	Gasabo	Remera	Nyagatare	Rwanda	None	Single	Alive	f	40.00	73.00	Pass	2025-03-25 10:40:58.155045+02	792	93	graduated	2025-03-25 10:40:58.155045+02
712	Rusizi	Nyakarenzo	Rusizi	Rwanda	None	Single	Alive	f	22.00	73.00	Pass	2025-03-25 10:40:58.165044+02	793	93	graduated	2025-03-25 10:40:58.165044+02
713	Nyanza	Busasamana	Nyanza	Rwanda	None	Single	Alive	f	46.00	73.00	Pass	2025-03-25 10:40:58.175982+02	794	93	graduated	2025-03-25 10:40:58.175982+02
714	Kayonza	Mukarange	Kayonza	Rwanda	None	Single	Alive	f	\N	\N	\N	2025-03-25 10:40:58.186104+02	795	93	graduated	2025-03-25 10:40:58.186104+02
715	Nyaruguru	Ruhango	Abraod	USA	None	Single	Alive	f	52.00	73.00	Pass	2025-03-25 10:40:58.193095+02	796	23	graduated	2025-03-25 10:40:58.194041+02
716	Nyarugenge	Kimisagara	Abraod	Uganda	None	Married	Alive	t	\N	\N	\N	2025-03-25 10:40:58.204053+02	797	23	graduated	2025-03-25 10:40:58.204053+02
717	Nyagatare	Matimba	Gasabo	Rwanda	None	Married	Alive	t	46.00	73.00	Pass	2025-03-25 10:40:58.212981+02	798	23	graduated	2025-03-25 10:40:58.212981+02
718	Bugesera	Nyamata	Kicukiro	Rwanda	None	Single	Alive	f	25.00	73.00	Pass	2025-03-25 10:40:58.2234+02	799	23	graduated	2025-03-25 10:40:58.2234+02
719	Gisagara	Gisagara	Kicukiro	Rwanda	None	Married	Alive	t	\N	\N	\N	2025-03-25 10:40:58.232368+02	800	23	graduated	2025-03-25 10:40:58.232368+02
720	Rulindo	Murama	Abraod	China	None	Single	Alive	f	46.00	73.00	Pass	2025-03-25 10:40:58.244411+02	801	23	graduated	2025-03-25 10:40:58.244411+02
721	Gasabo	Ndera	Gasabo	Rwanda	None	Single	Alive	f	19.00	73.00	Pass	2025-03-25 10:40:58.255415+02	802	23	graduated	2025-03-25 10:40:58.255415+02
722	Kayonza	Nyamirama	Kayonza	Rwanda	None	Married	Alive	f	6.00	73.00	Fail	2025-03-25 10:40:58.264433+02	803	23	graduated	2025-03-25 10:40:58.264433+02
723	Rusizi	Bugarama	Kicukiro	Rwanda	None	Married	Alive	t	37.00	73.00	Pass	2025-03-25 10:40:58.274666+02	804	23	graduated	2025-03-25 10:40:58.274666+02
724	Kamonyi	Ruyenzi	Abraod	USA	None	Single	Alive	f	58.00	73.00	Pass	2025-03-25 10:40:58.283668+02	805	23	graduated	2025-03-25 10:40:58.283668+02
725	Nyarugenge	Nyakabanda	Nyarugenge	Rwanda	None	Married	Alive	t	18.00	73.00	Pass	2025-03-25 10:40:58.295662+02	806	23	graduated	2025-03-25 10:40:58.295662+02
726	Rubavu	Rubavu	Gasabo	Rwanda	None	Single	Alive	f	52.00	73.00	Pass	2025-03-25 10:40:58.305659+02	807	23	graduated	2025-03-25 10:40:58.305659+02
727	Nyanza	Kigoma	Gasabo	Rwanda	None	Married	Alive	t	16.00	73.00	Pass	2025-03-25 10:40:58.313732+02	808	23	graduated	2025-03-25 10:40:58.313732+02
728	Gicumbi	Rwesero	Nyarugenge	Rwanda	None	Single with Children	Alive	t	40.00	73.00	Pass	2025-03-25 10:40:58.32272+02	809	23	graduated	2025-03-25 10:40:58.32272+02
729	Rulindo	Shyorongi	Nyarugenge	Rwanda	None	Married	Alive	f	31.00	73.00	Pass	2025-03-25 10:40:58.33287+02	810	23	graduated	2025-03-25 10:40:58.33287+02
730	Rusizi	Nyakarenzo	Abraod	Cameroon	None	Married	Alive	t	58.00	73.00	Pass	2025-03-25 10:40:58.3429+02	811	53	graduated	2025-03-25 10:40:58.3429+02
731	Kayonza	Mukarange	Abraod	USA	None	Single	Alive	f	70.00	73.00	Pass	2025-03-25 10:40:58.353898+02	812	53	graduated	2025-03-25 10:40:58.353898+02
732	Nyanza	Ntyazo	Kicukiro	Rwanda	None	Single	Alive	f	\N	\N	\N	2025-03-25 10:40:58.362967+02	813	53	graduated	2025-03-25 10:40:58.362967+02
733	Gasabo	Masaka	Gasabo	Rwanda	None	Single	Alive	t	\N	\N	\N	2025-03-25 10:40:58.371972+02	814	53	graduated	2025-03-25 10:40:58.371972+02
734	Gatsibo	Nyagihanga	Musanze	Rwanda	None	Married	Alive	t	\N	\N	\N	2025-03-25 10:40:58.380943+02	815	53	graduated	2025-03-25 10:40:58.380943+02
735	Gisagara	Ndora	Huye	Rwanda	None	Single	Alive	f	\N	\N	\N	2025-03-25 10:40:58.391961+02	816	53	graduated	2025-03-25 10:40:58.391961+02
736	Bugesera	Nyamata	Bugesera	Rwanda	None	Single	Alive	f	34.00	73.00	Pass	2025-03-25 10:40:58.403944+02	817	53	graduated	2025-03-25 10:40:58.403944+02
737	Ngoma	Kibungo	Ngoma	Rwanda	None	Single	Alive	f	52.00	73.00	Pass	2025-03-25 10:40:58.413938+02	818	53	graduated	2025-03-25 10:40:58.413938+02
738	Kicukiro	Kanombe	Kicukiro	Rwanda	None	Single	Alive	f	34.00	73.00	Pass	2025-03-25 10:40:58.423901+02	819	53	graduated	2025-03-25 10:40:58.423901+02
739	Ngoma	Kazo	Ngoma	Rwanda	None	Single	Alive	f	\N	\N	\N	2025-03-25 10:40:58.431991+02	820	53	graduated	2025-03-25 10:40:58.431991+02
740	Rubavu	Gisenyi	Nyarugenge	Rwanda	None	Single	Alive	f	43.00	73.00	Pass	2025-03-25 10:40:58.442898+02	821	53	graduated	2025-03-25 10:40:58.442898+02
741	Nyanza	Ntyazo	Kicukiro	Rwanda	None	Single	Alive	f	\N	\N	\N	2025-03-25 10:40:58.451907+02	822	53	graduated	2025-03-25 10:40:58.451907+02
742	Nyarugenge	Nyarugenge	Nyarugenge	Rwanda	None	Single	Alive	f	37.00	73.00	Pass	2025-03-25 10:40:58.46097+02	823	53	graduated	2025-03-25 10:40:58.46097+02
743	Kicukiro	Kicukiro	Kicukiro	Rwanda	None	Single	Alive	f	37.00	73.00	Pass	2025-03-25 10:40:58.470052+02	824	53	graduated	2025-03-25 10:40:58.470052+02
744	Kicukiro	Gitega	Kicukiro	Rwanda	None	Single	Alive	f	25.00	73.00	Pass	2025-03-25 10:40:58.479026+02	825	53	graduated	2025-03-25 10:40:58.479026+02
745	Rutsiro	Mushubati	Rutsiro	Germany	None	Married	Alive	t	31.00	73.00	Pass	2025-03-25 10:40:58.487006+02	826	25	graduated	2025-03-25 10:40:58.487006+02
746	Gasabo	Bumbogo	Gasabo	Rwanda	None	Single	Alive	f	49.00	73.00	Pass	2025-03-25 10:40:58.49704+02	827	25	graduated	2025-03-25 10:40:58.49704+02
747	Kamonyi	Mugina	Kamonyi	Rwanda	None	Married	Alive	t	22.00	73.00	Pass	2025-03-25 10:40:58.507+02	828	25	graduated	2025-03-25 10:40:58.507+02
748	Kayonza	Ndego	Nyarugenge	Rwanda	None	Single	Alive	f	28.00	73.00	Pass	2025-03-25 10:40:58.517961+02	829	25	graduated	2025-03-25 10:40:58.517961+02
749	Rwamagana	Kigabiro	Gasabo	Rwanda	None	Single	Alive	f	40.00	73.00	Pass	2025-03-25 10:40:58.526962+02	830	25	graduated	2025-03-25 10:40:58.526962+02
750	Nyabihu	Bigongwe	Nyabihu	Rwanda	None	Single	Alive	f	37.00	60.00	Pass	2025-03-25 10:40:58.536968+02	831	25	graduated	2025-03-25 10:40:58.536968+02
751	Kicukiro	Niboyi	Kicukiro	Rwanda	None	Single	Alive	f	\N	\N	\N	2025-03-25 10:40:58.545963+02	832	25	graduated	2025-03-25 10:40:58.545963+02
752	Ngororero	Muhororo	Nyarugenge	Rwanda	None	Single	Alive	f	43.00	73.00	Pass	2025-03-25 10:40:58.55546+02	833	25	graduated	2025-03-25 10:40:58.55546+02
753	Nyanza	Ntyazo	Nyanza	Rwanda	None	Single	Alive	f	\N	\N	\N	2025-03-25 10:40:58.562525+02	834	25	graduated	2025-03-25 10:40:58.562525+02
754	Gasabo	Ndera	Gasabo	Rwanda	None	Single	Alive	f	\N	\N	\N	2025-03-25 10:40:58.574505+02	835	25	graduated	2025-03-25 10:40:58.574505+02
755	Kicukiro	Kicukiro	Kicukiro	Rwanda	None	Single	Alive	f	\N	\N	\N	2025-03-25 10:40:58.584468+02	836	25	graduated	2025-03-25 10:40:58.584468+02
756	Gatsibo	Rugarama	Gatsibo	Rwanda	None	Single	Alive	f	\N	\N	\N	2025-03-25 10:40:58.593518+02	837	25	graduated	2025-03-25 10:40:58.593518+02
757	Rusizi	Shagasha	Rusizi	Rwanda	None	Single	Alive	f	\N	\N	\N	2025-03-25 10:40:58.601491+02	838	25	graduated	2025-03-25 10:40:58.601491+02
758	Huye	Tumba	Nyarugenge	Rwanda	None	Single	Alive	f	\N	\N	\N	2025-03-25 10:40:58.610461+02	839	25	graduated	2025-03-25 10:40:58.610461+02
759	Ruhango	BYouth Impact Missionana	Ruhango	Rwanda	None	Single	Alive	f	\N	\N	\N	2025-03-25 10:40:58.621531+02	840	25	graduated	2025-03-25 10:40:58.621531+02
760	Gasabo	Nyabikenke	Gasabo	Rwanda	None	Single	Alive	f	\N	\N	\N	2025-03-25 10:40:58.628456+02	841	25	graduated	2025-03-25 10:40:58.628456+02
761	Nyarugenge	Kimisagara	Kicukiro	Rwanda	None	Single	Alive	f	55.00	73.00	Pass	2025-03-25 10:40:58.636485+02	842	73	graduated	2025-03-25 10:40:58.636485+02
762	Ngororero	Kavumu	Nyarugenge	Rwanda	None	Single	Alive	f	34.00	73.00	Pass	2025-03-25 10:40:58.642523+02	843	73	graduated	2025-03-25 10:40:58.642523+02
763	Nyarugenge	Nyarugenge	Nyarugenge	Rwanda	None	Married	Alive	f	25.00	73.00	Pass	2025-03-25 10:40:58.649554+02	844	73	graduated	2025-03-25 10:40:58.649554+02
764	Kicukiro	Niboye	Kicukiro	Rwanda	None	Single	Alive	f	10.00	73.00	Pass	2025-03-25 10:40:58.659189+02	845	73	graduated	2025-03-25 10:40:58.659189+02
765	Rwamagana	Rwamagana	Nyarugenge	Rwanda	None	Single	Alive	f	46.00	73.00	Pass	2025-03-25 10:40:58.668633+02	846	73	graduated	2025-03-25 10:40:58.668633+02
766	Nyanza	Busoro	Nyanza	Rwanda	None	Married	Alive	t	25.00	73.00	Pass	2025-03-25 10:40:58.674682+02	847	73	graduated	2025-03-25 10:40:58.674682+02
767	Kicukiro	Kanombe	Kicukiro	Rwanda	None	Single	Alive	f	58.00	73.00	Pass	2025-03-25 10:40:58.68069+02	848	73	graduated	2025-03-25 10:40:58.68069+02
768	Ngoma	Kibungo	Kicukiro	Rwanda	None	Single	Alive	f	46.00	73.00	Pass	2025-03-25 10:40:58.688035+02	849	73	graduated	2025-03-25 10:40:58.688035+02
769	Ngoma	Ngoma	Gasabo	Rwanda	None	Single	Alive	f	46.00	73.00	Pass	2025-03-25 10:40:58.694108+02	850	73	graduated	2025-03-25 10:40:58.694108+02
770	Gasabo	Kimironko	Abraod	USA	None	Single	Alive	f	58.00	73.00	Pass	2025-03-25 10:40:58.700296+02	851	73	graduated	2025-03-25 10:40:58.700296+02
771	Kamonyi	Runda	Kamonyi	Rwanda	None	Married	Alive	t	16.00	73.00	Pass	2025-03-25 10:40:58.708346+02	852	73	graduated	2025-03-25 10:40:58.708346+02
772	Kamonyi	Gihinga	Rwamagana	Rwanda	None	Married	Alive	t	34.00	73.00	Pass	2025-03-25 10:40:58.713368+02	853	73	graduated	2025-03-25 10:40:58.713368+02
773	Ngoma	Kibungo	Rwamagana	Rwanda	None	Single	Alive	f	40.00	73.00	Pass	2025-03-25 10:40:58.72029+02	854	73	graduated	2025-03-25 10:40:58.72029+02
774	Nyarugenge	Nyarugenge	Nyarugenge	Rwanda	None	Single	Alive	f	52.00	73.00	Pass	2025-03-25 10:40:58.726552+02	855	73	graduated	2025-03-25 10:40:58.726552+02
775	Huye	Tumba	Huye	Huye	None	Single	Alive	f	\N	\N	\N	2025-03-25 10:40:58.735615+02	856	46	graduated	2025-03-25 10:40:58.735615+02
776	Gasabo	Gasabo	Gasabo	Kicukiro	None	Single	Alive	f	\N	\N	\N	2025-03-25 10:40:58.743553+02	857	46	graduated	2025-03-25 10:40:58.743553+02
777	Musanze	Kinigi	Musanze	musanze	None	Single	Alive	f	\N	\N	\N	2025-03-25 10:40:58.752634+02	858	46	graduated	2025-03-25 10:40:58.752634+02
778	Kirehe	Gatore	Kirehe	Gasabo	None	Single	Alive	f	\N	\N	\N	2025-03-25 10:40:58.760403+02	859	46	graduated	2025-03-25 10:40:58.760403+02
779	Ngoma	Sake	Ngoma	Ngoma	None	Single	Alive	f	\N	\N	\N	2025-03-25 10:40:58.768407+02	860	46	graduated	2025-03-25 10:40:58.768407+02
780	Nyamirama	Kayonza	Kayonza	Kayonza	None	Single	Alive	f	\N	\N	\N	2025-03-25 10:40:58.775324+02	861	46	graduated	2025-03-25 10:40:58.775324+02
781	KIBILIZI	NYANZA	Nyanza	NYANZA	None	Single	Alive	f	\N	\N	\N	2025-03-25 10:40:58.781277+02	862	46	graduated	2025-03-25 10:40:58.781277+02
782	Musheli	Nyagatare	Kacyiru	Gasabo	None	Single	Alive	f	\N	\N	\N	2025-03-25 10:40:58.790348+02	863	46	graduated	2025-03-25 10:40:58.790348+02
783	Gisagara	Mugombwa	Mugobwa	gisagara	None	Single	Alive	f	\N	\N	\N	2025-03-25 10:40:58.798347+02	864	46	graduated	2025-03-25 10:40:58.798347+02
784	Mbazi	Huye	Mbazi	Huye	None	Single	Alive	f	\N	\N	\N	2025-03-25 10:40:58.805586+02	865	46	graduated	2025-03-25 10:40:58.805586+02
785	Kigabiro	Rwamagana	Kigabiro	Rwamagana	None	Single	Alive	f	\N	\N	\N	2025-03-25 10:40:58.812262+02	866	46	graduated	2025-03-25 10:40:58.812262+02
786	KicukirO	Kanombe	kanombe	kicukiro	None	Single	Alive	f	\N	\N	\N	2025-03-25 10:40:58.822205+02	867	46	graduated	2025-03-25 10:40:58.822205+02
787	Bugesera	Mayange	Bugesera	BUGESERA	None	Single	Alive	f	\N	\N	\N	2025-03-25 10:40:58.831201+02	868	46	graduated	2025-03-25 10:40:58.831201+02
788	Bweramana	Ruhango	Bweramana	Ruhango	None	Single	Alive	f	\N	\N	\N	2025-03-25 10:40:58.841258+02	869	46	graduated	2025-03-25 10:40:58.841258+02
789	kabarore	gatsibo	kabarore	gatsibo	None	Single	Alive	f	\N	\N	\N	2025-03-25 10:40:58.850257+02	870	46	graduated	2025-03-25 10:40:58.850257+02
790	Barija	Nyagatare	Nyagatare	Nyagatare	None	Single	Alive	f	\N	\N	\N	2025-03-25 10:40:58.860234+02	871	46	graduated	2025-03-25 10:40:58.860234+02
791	kicukiro	Masaka	Masaka	Kicukiro	None	Single	Alive	f	\N	\N	\N	2025-03-25 10:40:58.869273+02	872	46	graduated	2025-03-25 10:40:58.869273+02
792	Kicukiro	Nyarugunga	nyarungunga	kicukiro	None	Single	Alive	f	\N	\N	\N	2025-03-25 10:40:58.878261+02	873	46	graduated	2025-03-25 10:40:58.879249+02
793	Ruhango	Mayunzwe	Kacyiru	Gasabo	None	Single	Alive	f	\N	\N	\N	2025-03-25 10:40:58.887748+02	874	46	graduated	2025-03-25 10:40:58.887748+02
794	Nyarugenge	Gitega	Nyarugenge	Rwanda	None	Married	Alive	f	40.00	73.00	Pass	2025-03-25 10:40:58.896746+02	875	4	graduated	2025-03-25 10:40:58.896746+02
795	Gasabo	Jali	Gasabo	Rwanda	None	Single	Alive	f	34.00	73.00	Pass	2025-03-25 10:40:58.908692+02	876	4	graduated	2025-03-25 10:40:58.908692+02
796	Rutsiro	Murunda	Gasabo	Rwanda	None	Single	Alive	f	40.00	73.00	Pass	2025-03-25 10:40:58.919815+02	877	4	graduated	2025-03-25 10:40:58.919815+02
797	Nyagatare	Rwempasha	Abraod	Canada	None	Single	Alive	f	61.00	73.00	Pass	2025-03-25 10:40:58.929097+02	878	4	graduated	2025-03-25 10:40:58.929097+02
798	Rusizi	Bweyeye	Gasabo	Rwanda	None	Single	Alive	f	31.00	73.00	Pass	2025-03-25 10:40:58.940059+02	879	4	graduated	2025-03-25 10:40:58.940059+02
799	Gasabo	Gikondo	Kicukiro	Rwanda	None	Single	Alive	f	\N	\N	\N	2025-03-25 10:40:58.948051+02	880	4	graduated	2025-03-25 10:40:58.948051+02
800	Kamonyi	Runda	Kamonyi	Rwanda	None	Single	Alive	f	\N	73.00	\N	2025-03-25 10:40:58.959362+02	881	4	graduated	2025-03-25 10:40:58.959362+02
801	Gakenke	Rushashi	Nyarugenge	Rwanda	None	Single	Alive	f	\N	\N	\N	2025-03-25 10:40:58.966367+02	882	4	graduated	2025-03-25 10:40:58.966367+02
802	Karongi	Rubengera	Abraod	India	None	Single	Alive	f	52.00	73.00	Pass	2025-03-25 10:40:58.97631+02	883	4	graduated	2025-03-25 10:40:58.97631+02
803	Rulindo	Kinzuzi	Rulindo	Rwanda	None	Single	Alive	f	\N	\N	\N	2025-03-25 10:40:58.983861+02	884	4	graduated	2025-03-25 10:40:58.983861+02
804	Nyamasheke	Musange	Nyamasheke	Rwanda	None	Single	Alive	f	\N	\N	\N	2025-03-25 10:40:58.991861+02	885	4	graduated	2025-03-25 10:40:58.991861+02
805	Huye	Ngoma	Nyarugenge	Rwanda	None	Single	Alive	f	37.00	73.00	Pass	2025-03-25 10:40:58.99786+02	886	4	graduated	2025-03-25 10:40:58.99786+02
806	Kamonyi	Gihinga	Kamonyi	Rwanda	None	Single	Alive	f	43.00	73.00	Pass	2025-03-25 10:40:59.006857+02	887	4	graduated	2025-03-25 10:40:59.006857+02
807	Bugesera	Nyamata	Abraod	Canada	None	Single	Alive	f	\N	\N	\N	2025-03-25 10:40:59.011921+02	888	4	graduated	2025-03-25 10:40:59.011921+02
808	Rwamagana	Muhazi	Gasabo	Rwanda	None	Single	Alive	f	40.00	73.00	Pass	2025-03-25 10:40:59.019857+02	889	4	graduated	2025-03-25 10:40:59.019857+02
809	Nyanza	Kibirizi	Kicukiro	Rwanda	None	Single	Alive	f	\N	\N	\N	2025-03-25 10:40:59.027904+02	890	4	graduated	2025-03-25 10:40:59.027904+02
\.


--
-- TOC entry 3559 (class 0 OID 60465)
-- Dependencies: 250
-- Data for Name: api_kid_leaps; Type: TABLE DATA; Schema: public; Owner: postgres
--

COPY public.api_kid_leaps (id, kid_id, leap_id) FROM stdin;
35	8	38
36	8	41
37	8	105
38	8	77
39	8	21
40	8	54
41	9	32
42	9	36
43	9	100
44	9	38
45	9	107
46	9	77
47	9	18
48	9	20
49	10	36
50	10	70
51	10	41
52	10	106
53	10	107
54	10	77
55	10	20
56	10	21
57	11	32
58	11	96
59	11	37
60	11	38
61	11	106
62	11	18
63	11	31
64	12	33
65	12	34
66	12	36
67	12	38
68	12	77
69	12	80
70	12	18
71	13	38
72	13	72
73	13	41
74	13	73
75	13	107
76	13	20
77	13	21
78	14	33
79	14	37
80	14	41
81	14	107
82	14	20
83	14	21
84	14	95
85	15	32
86	15	36
87	15	100
88	15	38
89	15	107
90	15	18
91	15	20
92	15	21
93	16	66
94	16	36
95	16	41
96	16	107
97	16	20
98	16	21
99	17	33
100	17	36
101	17	41
102	17	107
103	17	77
104	17	20
105	17	21
106	18	37
107	18	38
108	18	104
109	18	15
110	18	54
111	18	88
112	18	29
113	19	38
114	19	41
115	19	107
116	19	18
117	19	20
118	19	21
119	19	85
120	20	36
121	20	38
122	20	72
123	20	107
124	20	14
125	20	20
126	20	31
127	21	36
128	21	73
129	21	41
130	21	107
131	21	20
132	21	85
133	21	31
134	22	38
135	22	41
136	22	106
137	22	107
138	22	77
139	22	51
140	22	20
141	22	31
142	23	37
143	23	41
144	23	105
145	23	107
146	23	77
147	23	20
148	23	21
149	23	85
150	24	100
151	24	37
152	24	38
153	24	41
154	24	107
155	24	20
156	24	21
157	24	25
158	24	91
159	24	92
160	25	32
161	25	99
162	25	36
163	25	37
164	25	38
165	25	70
166	25	41
167	25	106
168	25	18
169	26	99
170	26	36
171	26	37
172	26	72
173	26	41
174	26	106
176	26	43
177	26	107
178	26	18
179	26	20
180	26	26
181	27	32
182	27	34
183	27	36
184	27	37
185	27	41
186	27	43
187	27	107
188	27	18
189	27	20
190	27	85
191	27	92
192	28	33
193	28	98
194	28	36
195	28	38
196	28	41
197	28	107
198	28	20
199	28	21
200	28	54
201	28	55
202	29	34
203	29	36
204	29	37
205	29	38
206	29	72
207	29	41
208	29	107
209	29	18
210	29	20
211	29	85
212	29	95
213	30	32
214	30	64
215	30	34
216	30	36
217	30	38
218	30	41
219	30	105
220	30	43
221	30	21
222	30	95
223	31	36
224	31	37
225	31	38
226	31	41
227	31	106
228	31	50
229	31	23
230	31	26
231	31	92
232	32	32
233	32	98
234	32	99
235	32	36
236	32	37
237	32	41
238	32	106
239	32	18
240	32	51
241	32	23
242	33	36
243	33	37
244	33	38
245	33	100
246	33	106
247	33	77
248	33	18
249	33	84
250	33	26
251	34	34
252	34	99
253	34	36
254	34	37
255	34	41
256	34	73
258	34	107
259	34	20
260	34	84
261	34	25
262	34	26
263	35	33
264	35	99
265	35	36
266	35	37
267	35	41
268	35	107
269	35	18
270	35	50
271	35	20
272	35	84
273	36	36
274	36	38
275	36	41
276	36	106
277	36	107
278	36	76
279	36	47
280	36	20
281	36	55
282	36	25
283	36	26
284	37	36
285	37	37
286	37	38
287	37	71
288	37	106
289	37	107
290	37	76
291	37	20
292	37	53
293	37	25
294	37	31
295	38	32
296	38	64
297	38	36
298	38	37
299	38	41
300	38	107
301	38	47
302	38	20
303	38	21
304	38	54
305	39	36
306	39	37
307	39	38
308	39	71
309	39	41
310	39	106
311	39	107
312	39	18
313	39	51
314	39	20
315	39	26
316	39	91
317	40	37
318	40	39
319	40	41
320	40	73
321	40	105
322	40	107
323	40	18
324	40	20
325	40	92
326	40	29
327	41	37
328	41	72
329	41	41
330	41	73
331	41	105
332	41	107
333	41	20
334	41	21
335	41	31
336	42	37
337	42	39
338	42	41
339	42	107
340	42	18
341	42	20
342	42	21
343	42	85
344	42	95
345	43	34
346	43	36
347	43	37
348	43	38
349	43	106
350	43	107
351	43	12
352	43	20
353	43	55
354	44	96
355	44	99
356	44	36
357	44	38
358	44	41
359	44	106
360	44	107
361	44	20
362	44	29
363	44	31
364	45	37
365	45	38
366	45	39
367	45	70
368	45	107
369	45	79
370	45	18
371	45	20
372	45	21
373	46	34
374	46	37
375	46	38
376	46	39
377	46	106
378	46	107
379	46	51
380	46	20
381	46	21
382	46	92
383	47	99
384	47	36
385	47	39
386	47	106
387	47	107
388	47	18
389	47	20
390	47	21
391	47	92
392	48	34
393	48	37
394	48	38
395	48	39
396	48	106
397	48	80
398	48	21
399	49	34
400	49	36
401	49	37
402	49	41
403	49	107
404	49	20
405	49	84
406	49	54
407	49	26
408	50	37
409	50	41
410	50	107
411	50	18
412	50	20
413	50	21
414	50	84
415	50	29
416	51	34
417	51	36
418	51	41
419	51	106
420	51	107
421	51	51
422	51	20
423	51	53
424	51	27
425	52	34
426	52	36
427	52	100
428	52	38
429	52	39
430	52	105
431	52	43
432	52	23
433	53	99
434	53	37
435	53	38
436	53	41
437	53	105
438	53	21
439	53	85
440	53	23
441	53	25
442	54	36
443	54	37
444	54	38
445	54	107
446	54	12
447	54	47
448	54	20
449	54	87
450	55	34
451	55	36
452	55	37
453	55	43
454	55	107
455	55	20
456	55	21
457	56	34
458	56	36
459	56	39
460	56	71
461	56	41
462	56	106
463	56	107
464	56	77
465	56	20
466	57	34
467	57	99
468	57	36
469	57	37
470	57	72
471	57	107
472	57	20
473	58	37
474	58	41
475	58	73
476	58	107
477	58	20
478	58	27
479	58	29
480	58	95
481	59	36
482	59	37
483	59	38
484	59	70
485	59	100
486	59	41
487	59	106
488	59	107
489	59	20
490	59	26
491	59	29
492	60	36
493	60	37
494	60	70
495	60	41
496	60	106
497	60	107
498	60	20
499	60	21
500	60	84
501	60	26
502	61	36
503	61	37
504	61	38
505	61	100
506	61	107
507	61	12
508	61	51
509	61	20
510	61	29
511	62	99
512	62	36
513	62	37
514	62	38
515	62	41
516	62	105
517	62	107
518	62	12
519	62	51
520	62	20
521	62	21
522	63	36
523	63	38
524	63	41
525	63	105
526	63	107
527	63	18
528	63	20
529	63	21
530	63	84
531	63	85
532	64	34
533	64	36
534	64	37
535	64	38
536	64	72
537	64	73
538	64	105
539	64	107
540	64	20
541	65	34
542	65	37
543	65	38
544	65	41
545	65	73
546	65	106
547	65	107
548	65	18
549	65	51
550	65	20
551	66	34
552	66	66
553	66	36
554	66	37
555	66	99
556	66	107
557	66	20
558	66	26
559	67	37
560	67	38
561	67	106
562	67	107
563	67	80
564	67	18
565	67	20
566	67	27
567	68	33
568	68	36
569	68	37
570	68	38
571	68	106
572	68	107
573	68	18
574	68	20
575	68	85
576	69	33
577	69	36
578	69	37
579	69	41
580	69	43
581	69	107
582	69	20
583	69	21
584	69	95
585	70	33
586	70	34
587	70	37
588	70	41
589	70	107
590	70	20
591	70	84
592	70	54
593	71	36
594	71	37
595	71	38
596	71	39
597	71	71
598	71	100
599	71	107
600	71	18
601	71	20
602	71	21
603	72	32
604	72	34
605	72	36
606	72	37
607	72	18
608	72	87
609	72	56
610	73	65
611	73	34
612	73	38
613	73	41
614	73	107
615	73	51
616	73	20
617	73	26
618	73	63
619	74	34
620	74	41
622	74	107
623	74	18
624	74	20
625	74	63
626	75	32
627	75	36
628	75	37
629	75	107
630	75	20
631	75	21
632	75	84
633	75	89
634	76	65
635	76	34
636	76	41
638	76	84
639	77	32
640	77	36
642	77	45
643	77	18
644	77	84
645	77	63
646	78	32
647	78	33
648	78	36
649	78	41
650	78	84
651	78	21
652	78	63
653	79	32
654	79	65
655	79	36
656	79	41
658	79	12
659	79	77
660	79	21
661	79	56
662	80	32
663	80	36
664	80	37
665	80	41
666	80	107
667	80	18
668	80	51
669	80	20
670	80	25
671	81	32
672	81	67
673	81	37
674	81	41
676	81	77
677	81	21
678	81	29
679	82	34
680	82	38
681	82	41
682	82	107
683	82	20
684	82	56
685	82	63
686	83	65
687	83	34
688	83	36
689	83	38
690	83	41
691	83	51
692	83	21
693	83	26
694	84	65
695	84	36
696	84	38
697	84	41
698	84	21
699	85	34
700	85	37
701	85	38
702	85	107
703	85	20
704	85	56
705	85	89
706	85	63
707	86	37
708	86	41
709	86	107
710	86	18
711	86	20
712	86	56
713	86	89
714	86	60
715	87	101
716	87	38
717	87	41
718	87	107
719	87	12
720	87	45
721	87	20
722	87	84
723	87	29
724	88	32
725	88	33
726	88	67
727	88	41
729	88	107
730	88	20
731	88	25
732	89	34
733	89	38
734	89	41
735	89	107
736	89	81
737	89	20
738	89	84
739	89	29
740	90	32
741	90	67
742	90	37
743	90	41
744	90	107
745	90	20
746	90	56
747	90	89
748	91	33
749	91	65
750	91	37
751	91	41
752	91	18
753	91	84
754	91	21
755	91	56
756	92	36
757	92	100
758	92	38
759	92	107
760	92	12
761	92	20
762	92	29
763	93	37
764	93	104
765	93	41
766	93	106
767	93	107
768	93	12
769	93	20
770	94	33
771	94	38
772	94	41
773	94	107
774	94	20
775	94	21
776	94	85
777	95	37
778	95	107
779	95	20
780	95	21
781	95	87
782	95	29
783	96	38
784	96	105
785	96	107
786	96	18
787	96	51
788	96	20
789	96	82
790	97	33
791	97	36
792	97	100
793	97	41
794	97	105
795	97	107
796	97	20
797	97	84
798	98	33
799	98	37
800	98	38
801	98	104
802	98	107
803	98	49
804	98	20
805	98	21
806	99	37
807	99	38
808	99	107
809	99	20
810	99	21
811	99	95
812	100	33
813	100	36
814	100	37
815	100	107
816	100	18
817	100	20
818	100	54
819	101	34
820	101	68
821	101	37
822	101	38
823	101	21
824	102	33
825	102	36
826	102	72
827	102	41
828	102	106
829	102	107
830	102	20
831	103	34
832	103	38
833	103	41
834	103	107
835	103	20
836	103	84
837	103	25
838	103	27
839	104	33
840	104	36
841	104	37
842	104	71
843	104	107
844	104	20
845	105	36
846	105	38
847	105	105
848	105	107
849	105	18
850	105	20
851	105	95
852	106	70
853	106	41
854	106	105
855	106	12
856	106	21
857	107	38
858	107	73
859	107	41
860	107	107
861	107	20
862	107	21
863	108	36
864	108	38
865	108	106
866	108	21
867	108	29
868	109	34
869	109	36
870	109	41
871	109	106
872	109	29
873	110	37
874	110	38
875	110	106
876	110	107
877	110	20
878	110	21
879	110	94
880	111	34
881	111	41
882	111	106
884	111	107
885	111	20
886	111	29
887	112	34
888	112	36
889	112	106
891	112	21
892	112	25
893	113	34
894	113	37
895	113	41
896	113	106
897	113	107
898	113	20
899	113	29
900	114	34
901	114	37
902	114	41
903	114	106
904	114	107
905	114	20
906	114	29
907	115	33
908	115	36
909	115	37
910	115	106
911	115	107
912	115	18
913	115	20
914	116	34
915	116	37
916	116	41
917	116	106
918	116	107
919	116	20
920	116	23
921	117	37
922	117	41
923	117	106
924	117	107
925	117	20
926	117	25
927	117	29
928	118	33
929	118	34
930	118	36
931	118	41
932	118	106
933	118	107
934	118	20
935	119	32
936	119	34
937	119	37
938	119	41
939	119	106
940	119	18
941	120	34
942	120	36
943	120	37
944	120	106
945	120	107
946	120	20
947	121	33
948	121	36
949	121	38
950	121	106
951	121	19
952	121	27
953	122	37
954	122	41
955	122	106
956	122	107
957	122	20
958	122	21
959	123	34
960	123	37
961	123	38
962	123	41
963	123	107
964	123	20
965	123	85
966	123	54
967	123	31
968	124	36
969	124	41
970	124	43
971	124	107
972	124	51
973	124	20
974	124	29
975	124	31
976	125	36
977	125	100
978	125	38
979	125	41
980	125	73
981	125	107
982	125	20
983	125	21
984	125	31
985	126	34
986	126	37
987	126	38
988	126	41
989	126	105
990	126	107
991	126	20
992	126	85
993	126	54
994	126	26
995	127	36
996	127	38
997	127	72
998	127	41
999	127	107
1000	127	12
1001	127	20
1002	127	87
1003	127	31
1004	128	37
1005	128	38
1006	128	71
1007	128	41
1008	128	105
1009	128	107
1010	128	20
1011	128	21
1012	128	54
1013	128	29
1014	129	66
1015	129	36
1016	129	37
1017	129	38
1018	129	39
1019	129	107
1020	129	20
1021	129	21
1022	129	85
1023	129	31
1024	130	34
1025	130	36
1026	130	37
1027	130	100
1028	130	41
1029	130	73
1030	130	107
1031	130	20
1032	130	21
1033	131	37
1034	131	38
1035	131	105
1036	131	107
1037	131	51
1038	131	20
1039	131	21
1040	131	23
1041	131	29
1042	132	37
1043	132	38
1044	132	41
1045	132	105
1046	132	107
1047	132	51
1048	132	20
1049	132	21
1050	132	85
1051	132	29
1052	133	36
1053	133	37
1054	133	41
1055	133	73
1056	133	106
1057	133	107
1058	133	18
1059	133	20
1060	133	84
1061	133	31
1062	134	34
1063	134	37
1064	134	38
1065	134	72
1066	134	41
1067	134	106
1068	134	107
1069	134	20
1070	134	21
1071	135	34
1072	135	36
1073	135	37
1074	135	38
1075	135	41
1076	135	107
1077	135	51
1078	135	20
1079	135	23
1080	135	26
1081	136	33
1082	136	66
1083	136	36
1084	136	37
1085	136	38
1086	136	41
1087	136	107
1088	136	20
1089	136	29
1090	136	95
1091	137	34
1092	137	36
1093	137	37
1094	137	38
1095	137	41
1096	137	107
1097	137	20
1098	137	21
1099	137	54
1100	137	95
1101	138	37
1102	138	38
1103	138	107
1104	138	80
1105	138	18
1106	138	20
1107	138	21
1108	138	95
1109	139	33
1110	139	36
1111	139	38
1112	139	41
1113	139	107
1114	139	20
1115	139	31
1116	140	36
1117	140	37
1118	140	38
1119	140	107
1120	140	12
1121	140	20
1122	140	21
1123	141	34
1124	141	36
1125	141	37
1126	141	38
1127	141	107
1128	141	20
1129	141	27
1130	142	41
1131	142	37
1132	142	21
1133	143	36
1134	143	37
1135	143	38
1136	143	107
1137	143	20
1138	143	26
1139	144	37
1140	144	38
1141	144	41
1142	144	107
1143	144	12
1144	144	20
1145	144	31
1146	145	36
1147	145	37
1148	145	38
1149	145	107
1150	145	20
1151	145	21
1152	146	36
1153	146	38
1154	146	41
1155	146	107
1156	146	12
1157	146	20
1158	146	26
1159	147	36
1160	147	38
1161	147	41
1162	147	107
1163	147	18
1164	147	20
1165	147	31
1166	148	37
1167	148	38
1168	148	41
1169	148	107
1170	148	20
1171	148	21
1172	148	26
1173	149	34
1174	149	37
1175	149	38
1176	149	41
1177	149	21
1178	150	33
1179	150	36
1180	150	37
1181	150	41
1182	150	107
1183	150	20
1184	150	21
1185	151	36
1186	151	38
1187	151	41
1188	151	107
1189	151	20
1190	151	25
1191	151	31
1192	152	38
1193	152	41
1194	152	107
1195	152	12
1196	152	20
1197	153	36
1198	153	37
1199	153	107
1200	153	20
1201	153	26
1202	153	27
1203	154	37
1204	154	38
1205	154	41
1206	154	107
1207	154	12
1208	154	20
1209	155	37
1210	155	41
1211	155	107
1212	155	20
1213	155	21
1214	155	94
1215	156	41
1216	156	106
1218	156	18
1219	156	31
1220	157	32
1221	157	36
1222	157	106
1224	157	18
1225	157	21
1226	158	32
1227	158	36
1228	158	41
1229	158	106
1230	158	16
1231	158	21
1232	159	33
1233	159	34
1234	159	36
1235	159	41
1236	159	107
1237	159	20
1238	159	27
1239	160	38
1240	160	41
1241	160	107
1242	160	18
1243	160	20
1244	160	21
1245	161	36
1246	161	38
1247	161	107
1248	161	18
1249	161	20
1250	161	21
1251	162	33
1252	162	34
1253	162	36
1254	162	40
1255	162	107
1256	162	20
1257	163	33
1258	163	34
1259	163	36
1260	163	41
1261	163	107
1262	163	20
1263	163	21
1264	164	36
1265	164	41
1266	164	107
1267	164	20
1268	164	21
1269	164	29
1270	165	41
1272	165	107
1273	165	20
1274	165	21
1275	165	29
1276	166	36
1277	166	41
1278	166	107
1279	166	20
1280	166	21
1281	166	31
1282	167	36
1283	167	41
1284	167	107
1285	167	18
1286	167	20
1287	167	21
1288	167	94
1289	168	37
1290	168	41
1291	168	107
1292	168	18
1293	168	20
1294	168	21
3850	573	34
3851	573	36
3852	573	37
3853	573	71
3854	573	41
3855	573	106
3856	573	107
3857	573	20
3858	573	21
3859	573	92
3860	574	99
3861	574	37
3862	574	41
3863	574	107
3864	574	20
3865	574	25
3866	574	92
3867	574	31
3868	575	33
3869	575	36
3870	575	37
3871	575	41
3872	575	106
3873	575	107
3874	575	50
3875	575	51
3876	575	20
3877	575	87
3878	575	26
3879	576	33
3880	576	100
3881	576	37
3882	576	38
3883	576	105
3884	576	107
3885	576	20
3886	576	21
3887	576	54
3888	577	99
3889	577	36
3890	577	37
3891	577	72
3892	577	41
3893	577	106
3894	577	107
3895	577	18
3896	577	20
3897	577	21
3898	578	64
3899	578	99
3900	578	36
3901	578	37
3902	578	38
3903	578	107
3904	578	18
3905	578	20
3906	578	55
3907	578	25
3908	579	64
3909	579	33
3910	579	36
3911	579	106
3912	579	18
3913	580	34
3914	580	36
3915	580	37
3916	580	41
3917	580	106
3918	580	107
3919	580	47
3920	580	51
3921	580	20
3922	580	25
3923	580	91
3924	581	33
3925	581	100
3926	581	37
3927	581	38
3928	581	41
3929	581	106
3930	581	107
3931	581	20
3932	581	85
3933	581	23
3934	582	33
3935	582	37
3936	582	72
3937	582	41
3938	582	106
3939	582	43
3940	582	107
3941	582	20
3942	582	21
3943	582	85
3944	583	36
3945	583	37
3946	583	41
3947	583	105
3948	583	18
3949	583	26
3950	583	92
3951	583	29
3952	583	95
3953	584	36
3954	584	37
3955	584	38
3956	584	41
3957	584	106
3958	584	18
3959	584	84
3960	584	53
3961	584	23
3962	584	29
3963	585	36
3964	585	37
3965	585	38
3966	585	41
3967	585	107
3968	585	20
3969	585	21
3970	585	23
3971	586	36
3972	586	37
3973	586	38
3974	586	107
3975	586	18
3976	586	20
3977	586	21
3978	586	84
3979	586	23
3980	587	34
3981	587	98
3982	587	36
3983	587	37
3984	587	99
3985	587	106
3987	587	107
3988	587	20
3989	587	54
3990	587	25
3991	588	33
3992	588	36
3993	588	37
3994	588	41
3995	588	73
3996	588	106
3997	588	107
3998	588	20
3999	588	21
4000	589	33
4001	589	40
4002	589	41
4003	589	107
4004	589	19
4005	589	20
4006	589	21
4007	590	36
4008	590	41
4009	590	107
4010	590	20
4011	590	21
4012	590	29
4013	591	34
4014	591	38
4015	591	41
4016	591	107
4017	591	20
4018	591	21
4019	591	25
4020	592	41
4021	592	105
4023	592	107
4024	592	20
4025	592	25
4026	592	29
4027	593	36
4028	593	37
4029	593	107
4030	593	18
4031	593	20
4032	593	21
4033	594	37
4034	594	41
4035	594	107
4036	594	20
4037	594	21
4038	594	31
4039	595	33
4040	595	34
4041	595	36
4042	595	37
4043	595	106
4044	596	32
4045	596	37
4046	596	41
4047	596	107
4048	596	18
4049	596	20
4050	596	21
4051	597	32
4052	597	36
4053	597	41
4054	597	107
4055	597	16
4056	597	18
4057	597	20
4058	598	36
4059	598	41
4060	598	107
4061	598	16
4062	598	20
4063	598	26
4064	598	27
4065	599	38
4066	599	41
4067	599	107
4068	599	20
4069	599	27
4070	599	29
4071	600	36
4072	600	41
4073	600	107
4074	600	20
4075	600	27
4076	601	37
4077	601	38
4078	601	107
4079	601	18
4080	601	20
4081	601	27
4082	601	29
4083	602	37
4084	602	38
4085	602	107
4086	602	18
4087	602	20
4088	602	27
4089	602	29
4090	603	36
4091	603	41
4092	603	106
4094	603	107
4095	603	18
4096	603	50
4097	603	20
4098	603	84
4099	603	23
4100	604	64
4101	604	33
4102	604	36
4103	604	37
4104	604	38
4105	604	107
4106	604	47
4107	604	20
4108	604	85
4109	604	26
4110	605	99
4111	605	37
4112	605	38
4113	605	41
4114	605	107
4115	605	18
4116	605	20
4117	605	21
4118	605	91
4119	605	92
4120	606	98
4121	606	36
4122	606	37
4123	606	41
4124	606	107
4125	606	20
4126	606	21
4127	606	85
4128	606	29
4129	606	95
4130	607	36
4131	607	37
4132	607	38
4133	607	106
4134	607	107
4135	607	20
4136	607	21
4137	607	53
4138	607	92
4139	607	29
4140	608	36
4141	608	37
4142	608	100
4143	608	107
4144	608	20
4145	608	55
4146	608	91
4147	608	29
4148	608	31
4149	609	98
4150	609	99
4151	609	37
4152	609	38
4153	609	40
4154	609	107
4155	609	20
4156	609	21
4157	609	55
4158	609	31
4159	610	33
4160	610	36
4161	610	37
4162	610	72
4163	610	41
4164	610	107
4165	610	20
4166	610	84
4167	610	31
4168	611	33
4169	611	37
4170	611	38
4171	611	41
4172	611	107
4173	611	12
4174	611	51
4175	611	20
4176	611	54
4177	612	36
4178	612	37
4179	612	100
4180	612	71
4181	612	107
4182	612	20
4183	612	21
4184	612	26
4185	613	37
4186	613	41
4187	613	107
4188	613	18
4189	613	51
4190	613	20
4191	613	21
4192	613	95
4193	614	36
4194	614	37
4195	614	38
4196	614	41
4197	614	73
4198	614	107
4199	614	47
4200	614	20
4201	614	21
4202	614	25
4203	615	99
4204	615	36
4205	615	37
4206	615	38
4207	615	41
4208	615	107
4209	615	18
4210	615	50
4211	615	20
4212	615	21
4213	615	87
4214	615	25
4215	616	33
4216	616	37
4217	616	38
4218	616	41
4219	616	43
4220	616	107
4221	616	20
4222	616	54
4223	616	29
4224	617	33
4225	617	107
4226	617	20
4227	618	32
4228	618	21
4229	619	107
4230	619	20
4231	619	29
4232	620	33
4233	620	21
4234	621	32
4235	621	21
4236	622	18
4237	622	21
4238	623	32
4239	623	19
4240	624	32
4241	624	107
4242	624	20
4243	625	34
4244	625	29
4245	626	33
4246	626	107
4247	626	20
4248	627	33
4249	627	107
4250	627	20
4251	628	19
4252	628	21
4253	629	32
4254	629	107
4255	629	20
4256	630	107
4257	630	20
4258	630	29
4259	631	107
4260	631	20
4261	631	29
4262	632	33
4263	632	107
4264	632	20
4265	633	33
4266	633	21
4267	634	33
4268	634	21
4269	635	107
4270	635	20
4271	635	29
4272	636	29
4273	636	21
4274	637	26
4275	637	107
4276	637	20
4277	638	33
4278	638	21
4279	639	21
4280	639	13
4281	640	33
4282	640	21
4283	641	32
4284	641	107
4285	641	20
4286	642	18
4287	642	107
4288	642	20
4289	643	26
4290	643	107
4291	643	20
4292	644	34
4293	644	107
4294	644	20
4295	645	33
4296	645	34
4297	646	18
4298	646	15
4299	647	33
4300	647	19
4301	648	18
4302	648	27
4303	649	33
4304	649	12
4305	650	33
4306	650	107
4307	650	20
4308	651	26
4309	651	21
4310	652	34
4311	652	107
4312	652	20
4313	653	33
4314	653	34
4315	654	26
4316	654	107
4317	654	20
4318	655	18
4319	655	107
4320	655	20
4321	656	18
4322	656	21
4323	657	18
4324	657	107
4325	657	20
4326	658	26
4327	658	21
4328	659	34
4329	659	107
4330	659	20
4331	660	33
4332	660	107
4333	660	20
4334	661	65
4335	661	37
4336	661	41
4337	661	10
4338	661	107
4339	661	20
4340	661	21
4341	661	87
4342	662	65
4343	662	34
4344	662	37
4345	662	41
4346	662	84
4347	662	22
4348	662	25
4349	663	32
4350	663	65
4351	663	34
4352	663	36
4353	663	41
4355	663	81
4356	663	58
4357	664	32
4358	664	35
4359	664	38
4360	664	71
4362	664	77
4363	664	84
4364	664	21
4365	665	65
4366	665	34
4367	665	36
4368	665	37
4369	665	10
4370	665	107
4371	665	20
4372	665	84
4373	666	65
4374	666	36
4375	666	41
4376	666	18
4377	666	84
4378	666	21
4379	666	58
4380	667	33
4381	667	65
4382	667	36
4383	667	37
4385	667	107
4386	667	77
4387	667	18
4388	667	20
4389	667	84
4390	668	65
4391	668	34
4392	668	36
4393	668	41
4394	668	107
4395	668	20
4396	668	84
4397	668	59
4398	668	29
4399	669	65
4400	669	67
4401	669	37
4402	669	38
4403	669	41
4405	669	84
4406	669	21
4407	669	23
4408	670	65
4409	670	34
4410	670	36
4411	670	37
4412	670	18
4413	670	51
4414	670	84
4415	671	36
4416	671	41
4417	671	107
4418	671	18
4419	671	20
4420	671	87
4421	671	25
4422	671	59
4423	671	92
4424	672	36
4426	672	45
4427	672	77
4428	672	84
4429	672	21
4430	672	23
4431	673	65
4432	673	36
4433	673	41
4434	673	18
4435	673	84
4436	673	21
4437	673	58
4438	674	32
4439	674	65
4440	674	37
4441	674	41
4443	674	49
4444	674	21
4445	675	34
4446	675	36
4447	675	41
4448	675	107
4449	675	81
4450	675	20
4451	675	84
4452	676	32
4453	676	65
4454	676	67
4455	676	37
4456	676	38
4457	676	107
4458	676	48
4459	676	20
4460	676	84
4461	677	65
4462	677	67
4463	677	38
4464	677	41
4465	677	107
4466	677	18
4467	677	83
4468	677	20
4469	678	67
4470	678	37
4471	678	41
4472	678	107
4473	678	18
4474	678	20
4475	678	84
4476	679	65
4477	679	33
4478	679	37
4479	679	38
4480	679	107
4481	679	20
4482	679	87
4483	680	34
4484	680	36
4486	680	48
4487	680	49
4488	680	51
4489	680	60
4490	681	36
4491	681	37
4493	681	12
4494	681	49
4495	681	84
4496	681	21
4497	681	25
4498	682	36
4499	682	37
4500	682	107
4501	682	49
4502	682	20
4503	682	21
4504	682	84
4505	682	62
4506	683	37
4507	683	38
4508	683	105
4509	683	107
4510	683	20
4511	683	56
4512	683	29
4513	683	31
4514	684	36
4515	684	41
4516	684	107
4517	684	80
4518	684	51
4519	684	20
4520	684	21
4521	684	23
4522	685	36
4523	685	37
4524	685	41
4525	685	107
4526	685	79
4527	685	20
4528	685	87
4529	685	26
4530	686	33
4531	686	36
4532	686	37
4533	686	41
4534	686	73
4535	686	107
4536	686	51
4537	686	20
4538	686	21
4539	686	61
4540	687	36
4541	687	41
4542	687	106
4543	687	107
4544	687	51
4545	687	20
4546	687	21
4547	687	26
4548	687	92
4549	688	36
4550	688	38
4551	688	73
4552	688	106
4553	688	107
4554	688	18
4555	688	20
4556	688	21
4557	688	85
4558	688	56
4559	689	36
4560	689	38
4561	689	41
4562	689	107
4563	689	18
4564	689	20
4565	689	21
4566	689	84
4567	689	55
4568	690	66
4569	690	36
4570	690	37
4571	690	105
4572	690	107
4573	690	12
4574	690	47
4575	690	20
4576	690	21
4577	691	33
4578	691	36
4579	691	37
4580	691	38
4581	691	107
4582	691	50
4583	691	20
4584	691	21
4585	692	36
4586	692	37
4587	692	71
4588	692	41
4589	692	106
4590	692	107
4591	692	51
4592	692	20
4593	692	21
4594	692	26
4595	693	100
4596	693	37
4597	693	38
4598	693	72
4599	693	107
4600	693	51
4601	693	20
4602	693	21
4603	693	31
4604	694	36
4605	694	38
4606	694	41
4607	694	106
4608	694	63
4609	694	21
4610	694	85
4611	694	29
4612	694	31
4613	695	99
4614	695	100
4615	695	38
4616	695	41
4617	695	107
4618	695	12
4619	695	18
4620	695	20
4621	695	84
4622	696	33
4623	696	66
4624	696	36
4625	696	37
4626	696	38
4627	696	41
4628	696	106
4629	696	107
4630	696	20
4631	696	21
4632	696	56
4633	696	63
4634	697	37
4635	697	41
4636	697	105
4637	697	12
4638	697	21
4639	697	29
4640	698	38
4641	698	41
4642	698	107
4643	698	46
4644	698	20
4645	698	21
4646	698	63
4647	699	65
4648	699	34
4649	699	36
4650	699	38
4651	699	107
4652	699	20
4653	699	62
4654	700	65
4655	700	37
4656	700	71
4657	700	41
4658	700	18
4659	701	41
4660	701	37
4661	701	21
4662	701	46
4663	702	66
4664	702	36
4665	702	38
4666	702	49
4667	702	18
4668	702	21
4669	703	69
4670	703	37
4671	703	71
4672	703	41
4673	703	107
4674	703	18
4675	703	20
4676	704	36
4677	704	38
4678	704	71
4679	704	107
4680	704	20
4681	704	21
4682	704	87
4683	705	65
4684	705	37
4685	705	38
4686	705	84
4687	705	21
4688	706	34
4689	706	36
4690	706	37
4691	706	71
4693	706	18
4694	707	34
4695	707	37
4696	707	41
4697	707	107
4698	707	20
4699	707	84
4700	707	56
4701	708	65
4702	708	37
4703	708	41
4704	708	84
4705	708	21
4706	708	23
4707	709	67
4708	709	38
4709	709	41
4710	709	23
4711	709	29
4712	709	63
4713	710	32
4714	710	36
4715	710	38
4716	710	107
4717	710	18
4718	710	51
4719	710	20
4720	710	63
4721	711	36
4722	711	41
4723	711	84
4724	711	21
4725	711	56
4726	712	65
4727	712	37
4728	712	41
4729	712	107
4730	712	46
4731	712	20
4732	712	21
4733	713	38
4734	713	41
4735	713	107
4736	713	51
4737	713	20
4738	713	56
4739	713	29
4740	714	65
4741	714	34
4742	714	37
4743	714	41
4744	714	107
4745	714	20
4746	714	56
4747	715	99
4748	715	36
4749	715	40
4750	715	41
4752	715	107
4753	715	20
4754	715	21
4755	715	54
4756	715	31
4757	716	32
4758	716	64
4759	716	34
4760	716	99
4761	716	36
4762	716	38
4763	716	40
4764	716	41
4765	716	107
4766	716	18
4767	716	20
4768	716	92
4769	717	32
4770	717	99
4771	717	36
4772	717	37
4773	717	38
4774	717	41
4775	717	106
4776	717	51
4777	717	31
4778	718	32
4779	718	34
4780	718	99
4781	718	36
4782	718	37
4783	718	38
4784	718	40
4785	718	107
4786	718	47
4787	718	50
4788	718	20
4789	718	21
4790	719	32
4791	719	34
4792	719	98
4793	719	36
4794	719	37
4795	719	38
4796	719	99
4797	719	40
4798	719	107
4799	719	20
4800	719	21
4801	719	92
4802	720	34
4803	720	36
4804	720	37
4805	720	38
4806	720	72
4807	720	41
4808	720	107
4809	720	18
4810	720	51
4811	720	20
4812	720	55
4813	721	32
4814	721	36
4815	721	37
4816	721	38
4818	721	107
4819	721	47
4820	721	20
4821	721	53
4822	721	85
4823	721	29
4824	722	32
4825	722	34
4826	722	37
4827	722	38
4828	722	40
4829	722	41
4830	722	105
4831	722	12
4832	722	55
4833	722	91
4834	722	95
4835	723	32
4836	723	99
4837	723	36
4838	723	38
4839	723	106
4841	723	76
4842	723	18
4843	723	92
4844	724	37
4845	724	38
4846	724	40
4847	724	41
4848	724	106
4849	724	107
4850	724	18
4851	724	20
4852	724	54
4853	724	92
4854	724	31
4855	725	34
4856	725	36
4857	725	37
4858	725	38
4859	725	100
4860	725	106
4861	725	107
4862	725	76
4863	725	47
4864	725	18
4865	725	20
4866	726	64
4867	726	34
4868	726	36
4869	726	37
4870	726	38
4871	726	71
4873	726	43
4874	726	107
4875	726	20
4876	727	32
4877	727	98
4878	727	37
4879	727	40
4880	727	41
4882	727	107
4883	727	50
4884	727	20
4885	727	85
4886	727	29
4887	727	31
4888	728	32
4889	728	33
4890	728	36
4891	728	37
4892	728	38
4893	728	100
4894	728	41
4895	728	105
4896	728	107
4897	728	20
4898	728	91
4899	728	95
4900	729	34
4901	729	36
4902	729	37
4903	729	38
4904	729	100
4905	729	72
4906	729	73
4908	729	107
4909	729	20
4910	729	23
4911	730	37
4912	730	41
4913	730	107
4914	730	18
4915	730	20
4916	730	21
4917	731	37
4918	731	41
4919	731	107
4920	731	20
4921	731	29
4922	731	31
4923	732	38
4924	732	41
4925	732	107
4926	732	20
4927	732	21
4928	732	26
4929	733	37
4930	733	38
4931	733	41
4932	733	77
4933	733	21
4934	733	23
4935	734	37
4936	734	38
4937	734	41
4938	734	107
4939	734	20
4940	734	26
4941	734	31
4942	735	36
4943	735	37
4944	735	41
4945	735	107
4946	735	20
4947	735	21
4948	735	31
4949	736	36
4950	736	37
4951	736	41
4952	736	107
4953	736	20
4954	736	21
4955	737	36
4956	737	37
4957	737	38
4958	737	107
4959	737	20
4960	737	31
4961	738	36
4962	738	37
4963	738	38
4964	738	107
4965	738	12
4966	738	20
4967	738	21
4968	739	37
4969	739	38
4970	739	41
4971	739	107
4972	739	20
4973	739	21
4974	739	29
4975	740	37
4976	740	38
4977	740	41
4978	740	107
4979	740	20
4980	740	31
4981	741	37
4982	741	41
4983	741	107
4984	741	12
4985	741	20
4986	742	36
4987	742	38
4988	742	41
4989	742	107
4990	742	20
4991	742	21
4992	742	23
4993	743	34
4994	743	36
4995	743	37
4996	743	38
4997	743	21
4998	744	107
4999	744	20
5000	744	21
5001	745	36
5002	745	37
5003	745	107
5004	745	20
5005	745	54
5006	745	56
5007	745	26
5008	746	34
5009	746	36
5010	746	38
5011	746	107
5012	746	79
5013	746	20
5014	746	85
5015	746	62
5016	747	34
5017	747	37
5018	747	38
5019	747	107
5020	747	20
5021	747	84
5022	747	31
5023	748	34
5024	748	36
5025	748	37
5026	748	107
5027	748	18
5028	748	20
5029	748	56
5030	748	95
5031	749	36
5032	749	37
5033	749	100
5034	749	107
5035	749	18
5036	749	20
5037	749	84
5038	750	37
5039	750	38
5040	750	105
5041	750	107
5042	750	84
5043	750	20
5044	750	31
5045	751	100
5046	751	37
5047	751	41
5048	751	106
5049	751	107
5050	751	20
5051	751	21
5052	751	84
5053	752	34
5054	752	37
5055	752	38
5056	752	105
5057	752	51
5058	752	21
5059	752	56
5060	753	33
5061	753	36
5062	753	37
5063	753	107
5064	753	20
5065	753	54
5066	753	56
5067	754	37
5068	754	41
5069	754	105
5070	754	107
5071	754	20
5072	754	56
5073	754	26
5074	754	95
5075	755	36
5076	755	38
5077	755	72
5078	755	107
5079	755	12
5080	755	79
5081	755	20
5082	755	63
5083	756	33
5084	756	37
5085	756	38
5086	756	73
5087	756	107
5088	756	18
5089	756	20
5090	756	95
5091	757	34
5092	757	37
5093	757	38
5094	757	73
5095	757	107
5096	757	20
5097	757	29
5098	757	95
5099	758	32
5100	758	38
5101	758	41
5102	758	107
5103	758	77
5104	758	20
5105	758	21
5106	759	38
5107	759	71
5108	759	41
5109	759	106
5110	759	107
5111	759	20
5112	759	21
5113	759	56
5114	760	36
5115	760	37
5116	760	73
5117	760	107
5118	760	20
5119	760	95
5120	760	31
5121	761	36
5122	761	106
5123	761	107
5124	761	18
5125	761	20
5126	761	84
5127	762	34
5128	762	100
5129	762	37
5130	762	105
5131	762	107
5132	762	20
5133	763	66
5134	763	38
5135	763	107
5136	763	20
5137	763	21
5138	764	41
5139	764	107
5140	764	18
5141	764	20
5142	764	21
5143	764	54
5144	765	38
5145	765	107
5146	765	18
5147	765	20
5148	765	87
5149	766	34
5150	766	66
5151	766	38
5152	766	105
5153	766	31
5154	767	34
5155	767	72
5156	767	41
5157	767	107
5158	767	20
5159	767	31
5160	768	36
5161	768	73
5162	768	107
5163	768	20
5164	768	31
5165	769	38
5166	769	73
5167	769	107
5168	769	20
5169	769	31
5170	770	100
5171	770	36
5172	770	107
5173	770	18
5174	770	20
5175	770	21
5176	771	38
5177	771	107
5178	771	18
5179	771	20
5180	771	54
5181	772	34
5182	772	37
5183	772	105
5184	772	51
5185	772	21
5186	773	96
5187	773	38
5188	773	106
5189	773	107
5190	773	18
5191	773	20
5192	774	41
5193	774	106
5194	774	77
5195	774	84
5196	774	21
5197	775	18
5198	775	21
5199	776	18
5200	776	21
5201	777	33
5202	777	107
5203	777	20
5204	778	18
5205	778	107
5206	778	20
5207	779	107
5208	779	20
5209	779	29
5210	780	18
5211	780	29
5212	781	33
5213	781	107
5214	781	20
5215	782	107
5216	782	20
5217	782	29
5218	783	33
5219	783	107
5220	783	20
5221	784	18
5222	784	107
5223	784	20
5224	785	34
5225	785	107
5226	785	20
5227	786	33
5228	786	107
5229	786	20
5230	787	18
5231	787	21
5232	787	46
5233	788	29
5234	788	21
5235	789	33
5236	789	19
5237	790	32
5238	790	21
5239	791	34
5240	791	29
5241	792	18
5242	792	21
5243	793	32
5244	793	21
5245	794	36
5246	794	37
5247	794	38
5248	794	72
5249	794	41
5250	794	107
5251	794	20
5252	794	21
5253	794	87
5254	794	26
5255	795	36
5256	795	37
5257	795	38
5258	795	41
5259	795	43
5260	795	107
5261	795	20
5262	795	26
5263	795	95
5264	795	31
5265	796	36
5266	796	37
5267	796	41
5268	796	105
5269	796	106
5270	796	107
5271	796	20
5272	796	21
5273	796	85
5274	796	31
5275	797	34
5276	797	99
5277	797	100
5278	797	37
5279	797	38
5280	797	39
5281	797	41
5282	797	106
5283	797	107
5284	797	20
5285	797	27
5286	798	36
5287	798	38
5288	798	41
5289	798	105
5290	798	106
5291	798	107
5292	798	77
5293	798	20
5294	798	21
5295	798	31
5296	799	36
5297	799	37
5298	799	41
5299	799	105
5300	799	107
5301	799	20
5302	799	54
5303	799	29
5304	799	95
5305	799	31
5306	800	32
5307	800	36
5308	800	37
5309	800	38
5310	800	71
5311	800	41
5312	800	73
5313	800	106
5314	800	107
5315	800	80
5316	800	18
5317	800	20
5318	801	66
5319	801	36
5320	801	37
5321	801	38
5322	801	105
5323	801	107
5324	801	20
5325	801	21
5326	801	26
5327	802	36
5328	802	37
5329	802	100
5330	802	105
5331	802	107
5332	802	51
5333	802	20
5334	802	29
5335	802	31
5336	803	66
5337	803	37
5338	803	38
5339	803	41
5340	803	105
5341	803	107
5342	803	20
5343	803	29
5344	803	31
5345	804	33
5346	804	37
5347	804	38
5348	804	39
5349	804	41
5350	804	106
5351	804	107
5352	804	51
5353	804	20
5354	804	21
5355	804	85
5356	805	36
5357	805	37
5358	805	38
5359	805	39
5360	805	72
5361	805	73
5362	805	107
5363	805	18
5364	805	20
5365	805	84
5366	805	29
5367	806	34
5368	806	37
5369	806	38
5370	806	41
5371	806	107
5372	806	80
5373	806	18
5374	806	20
5375	806	85
5376	807	34
5377	807	36
5378	807	38
5379	807	41
5380	807	73
5381	807	107
5382	807	20
5383	807	84
5384	807	31
5385	808	33
5386	808	36
5387	808	37
5388	808	38
5389	808	41
5390	808	107
5391	808	20
5392	808	84
5393	808	27
5394	808	95
5395	809	36
5396	809	37
5397	809	38
5398	809	41
5399	809	107
5400	809	80
5401	809	18
5402	809	51
5403	809	20
5404	809	21
5405	809	84
\.


--
-- TOC entry 3555 (class 0 OID 52292)
-- Dependencies: 246
-- Data for Name: api_kidacademics; Type: TABLE DATA; Schema: public; Owner: postgres
--

COPY public.api_kidacademics (id, academic_year, combination_id, kid_id, level) FROM stdin;
\.


--
-- TOC entry 3547 (class 0 OID 52260)
-- Dependencies: 238
-- Data for Name: api_leap; Type: TABLE DATA; Schema: public; Owner: postgres
--

COPY public.api_leap (id, ep, leap_category, created_at, updated_at) FROM stdin;
10	3D Modeling	science_center	2025-02-18 11:23:19.269561+02	2025-02-18 11:23:19.269561+02
12	Carpentry	art_center	2025-02-18 11:23:19.29762+02	2025-02-18 11:23:19.29762+02
13	Computer litrearcy	professional	2025-02-18 11:23:19.298645+02	2025-02-18 11:23:19.298645+02
14	Drawing	art_center	2025-02-18 11:23:19.29966+02	2025-02-18 11:23:19.29966+02
15	Drums	art_center	2025-02-18 11:23:19.30064+02	2025-02-18 11:23:19.30064+02
16	Electronic	science_center	2025-02-18 11:23:19.301658+02	2025-02-18 11:23:19.301658+02
17	Fashion Design	art_center	2025-02-18 11:23:19.30274+02	2025-02-18 11:23:19.30274+02
18	Guitar	art_center	2025-02-18 11:23:19.303905+02	2025-02-18 11:23:19.303905+02
19	Hand crafts	art_center	2025-02-18 11:23:19.306101+02	2025-02-18 11:23:19.306101+02
20	Hospitality	art_center	2025-02-18 11:23:19.307136+02	2025-02-18 11:23:19.307136+02
21	Kitchen skills	art_center	2025-02-18 11:23:19.309206+02	2025-02-18 11:23:19.309206+02
22	Mechanics	science_center	2025-02-18 11:23:19.310184+02	2025-02-18 11:23:19.310184+02
23	Modern art	art_center	2025-02-18 11:23:19.312224+02	2025-02-18 11:23:19.312224+02
24	Modern dance	art_center	2025-02-18 11:23:19.313192+02	2025-02-18 11:23:19.313192+02
25	Music production	art_center	2025-02-18 11:23:19.314217+02	2025-02-18 11:23:19.314217+02
26	Piano	art_center	2025-02-18 11:23:19.315184+02	2025-02-18 11:23:19.315184+02
27	Recording Studio	art_center	2025-02-18 11:23:19.31613+02	2025-02-18 11:23:19.31613+02
28	Science center	science_center	2025-02-18 11:23:19.31713+02	2025-02-18 11:23:19.31713+02
29	Sewing	art_center	2025-02-18 11:23:19.318209+02	2025-02-18 11:23:19.318209+02
30	Sound system	art_center	2025-02-18 11:23:19.319199+02	2025-02-18 11:23:19.319199+02
31	Traditional art	art_center	2025-02-18 11:23:19.320201+02	2025-02-18 11:23:19.320201+02
32	Traditional dance(Isheja)	art_center	2025-02-18 11:23:19.321195+02	2025-02-18 11:23:19.321195+02
33	Video & photograph editing	art_center	2025-02-18 11:23:19.322131+02	2025-02-18 11:23:19.322131+02
34	Visual Arts	art_center	2025-02-18 11:23:19.323131+02	2025-02-18 11:23:19.323131+02
35	athletism	sport	2025-02-18 11:23:19.324133+02	2025-02-18 11:23:19.324133+02
36	Basketball	sport	2025-02-18 11:23:19.326132+02	2025-02-18 11:23:19.326132+02
37	Football	sport	2025-02-18 11:23:19.327137+02	2025-02-18 11:23:19.327137+02
38	Karate	sport	2025-02-18 11:23:19.32818+02	2025-02-18 11:23:19.32818+02
39	Track and Field	sport	2025-02-18 11:23:19.32913+02	2025-02-18 11:23:19.32913+02
40	Yoga	sport	2025-02-18 11:23:19.33013+02	2025-02-18 11:23:19.33013+02
41	Volleyball	sport	2025-02-18 11:23:19.33113+02	2025-02-18 11:23:19.33113+02
42	Agriculture club	club	2025-02-18 11:23:19.332134+02	2025-02-18 11:23:19.332134+02
43	Art Club	club	2025-02-18 11:23:19.333131+02	2025-02-18 11:23:19.333131+02
44	ASYV Band club	club	2025-02-18 11:23:19.334227+02	2025-02-18 11:23:19.334227+02
45	ASYV nature watch club	club	2025-02-18 11:23:19.335137+02	2025-02-18 11:23:19.335137+02
46	Business Club	club	2025-02-18 11:23:19.337132+02	2025-02-18 11:23:19.337132+02
47	Canteen club	club	2025-02-18 11:23:19.338133+02	2025-02-18 11:23:19.338133+02
48	chess club	club	2025-02-18 11:23:19.340804+02	2025-02-18 11:23:19.340804+02
49	Critical Thinking For peace club	club	2025-02-18 11:23:19.342495+02	2025-02-18 11:23:19.342495+02
50	Culture club	club	2025-02-18 11:23:19.344678+02	2025-02-18 11:23:19.344678+02
51	Debate club	club	2025-02-18 11:23:19.345955+02	2025-02-18 11:23:19.346453+02
52	English club	club	2025-02-18 11:23:19.347734+02	2025-02-18 11:23:19.347734+02
53	Enrichment club	club	2025-02-18 11:23:19.349439+02	2025-02-18 11:23:19.349439+02
54	Environment Club	club	2025-02-18 11:23:19.351174+02	2025-02-18 11:23:19.351174+02
55	Farm club	club	2025-02-18 11:23:19.352002+02	2025-02-18 11:23:19.352002+02
56	Female Solidality Legacy	club	2025-02-18 11:23:19.353139+02	2025-02-18 11:23:19.353139+02
57	First Aid	club	2025-02-18 11:23:19.355245+02	2025-02-18 11:23:19.355245+02
58	G.O.C	club	2025-02-18 11:23:19.357098+02	2025-02-18 11:23:19.357098+02
59	G.O.S	club	2025-02-18 11:23:19.358673+02	2025-02-18 11:23:19.358673+02
60	Gavel Club	club	2025-02-18 11:23:19.359742+02	2025-02-18 11:23:19.359742+02
61	Gender Committee club	club	2025-02-18 11:23:19.361656+02	2025-02-18 11:23:19.361656+02
62	Genesis Creativity club	club	2025-02-18 11:23:19.362689+02	2025-02-18 11:23:19.362689+02
63	Girl Up club	club	2025-02-18 11:23:19.363693+02	2025-02-18 11:23:19.363693+02
64	Guest House club	club	2025-02-18 11:23:19.365747+02	2025-02-18 11:23:19.365747+02
65	He for she club	club	2025-02-18 11:23:19.366744+02	2025-02-18 11:23:19.366744+02
66	Health and Wellness Center	club	2025-02-18 11:23:19.367688+02	2025-02-18 11:23:19.367688+02
67	Hope for the future	club	2025-02-18 11:23:19.368731+02	2025-02-18 11:23:19.368731+02
68	Hygiene Club	club	2025-02-18 11:23:19.369686+02	2025-02-18 11:23:19.369686+02
69	Isano Isangiwe	club	2025-02-18 11:23:19.370686+02	2025-02-18 11:23:19.370686+02
70	IT Club	club	2025-02-18 11:23:19.372312+02	2025-02-18 11:23:19.372312+02
71	Journalism club	club	2025-02-18 11:23:19.374458+02	2025-02-18 11:23:19.374458+02
72	Language development club	club	2025-02-18 11:23:19.375234+02	2025-02-18 11:23:19.375234+02
73	Leadership Club	club	2025-02-18 11:23:19.377273+02	2025-02-18 11:23:19.377273+02
74	Liquidinet Magazine	club	2025-02-18 11:23:19.378267+02	2025-02-18 11:23:19.378267+02
76	Management club	club	2025-02-18 11:23:19.380854+02	2025-02-18 11:23:19.380854+02
77	Media Club	club	2025-02-18 11:23:19.38295+02	2025-02-18 11:23:19.38295+02
78	modeling club	club	2025-02-18 11:23:19.38481+02	2025-02-18 11:23:19.38481+02
79	Movie club	club	2025-02-18 11:23:19.386493+02	2025-02-18 11:23:19.386493+02
80	News Paper and Story writing	club	2025-02-18 11:23:19.387809+02	2025-02-18 11:23:19.387809+02
81	Pay it Forward	club	2025-02-18 11:23:19.389789+02	2025-02-18 11:23:19.389789+02
82	Public speaking club	club	2025-02-18 11:23:19.391791+02	2025-02-18 11:23:19.391791+02
83	python club	club	2025-02-18 11:23:19.393654+02	2025-02-18 11:23:19.393654+02
84	reaserch and development club	club	2025-02-18 11:23:19.394948+02	2025-02-18 11:23:19.395453+02
85	Religion Club	club	2025-02-18 11:23:19.396952+02	2025-02-18 11:23:19.396952+02
86	Same heart club	club	2025-02-18 11:23:19.39798+02	2025-02-18 11:23:19.39798+02
87	Science center and Technology club	club	2025-02-18 11:23:19.399351+02	2025-02-18 11:23:19.399351+02
88	Sewing club	club	2025-02-18 11:23:19.400812+02	2025-02-18 11:23:19.401355+02
89	Smart and disgners	club	2025-02-18 11:23:19.402381+02	2025-02-18 11:23:19.402381+02
90	Spelling Bee club	club	2025-02-18 11:23:19.403379+02	2025-02-18 11:23:19.403379+02
91	Sport club	club	2025-02-18 11:23:19.40515+02	2025-02-18 11:23:19.40515+02
92	Technical Club	club	2025-02-18 11:23:19.407121+02	2025-02-18 11:23:19.407121+02
93	TED-ED	club	2025-02-18 11:23:19.409014+02	2025-02-18 11:23:19.409014+02
94	Theater	club	2025-02-18 11:23:19.410035+02	2025-02-18 11:23:19.410035+02
95	Tikkun Olam	club	2025-02-18 11:23:19.412212+02	2025-02-18 11:23:19.412212+02
96	Traditional Art	club	2025-02-18 11:23:19.414244+02	2025-02-18 11:23:19.414302+02
97	Traditional dance	club	2025-02-18 11:23:19.415454+02	2025-02-18 11:23:19.415454+02
98	Tutoring	club	2025-02-18 11:23:19.416473+02	2025-02-18 11:23:19.416473+02
99	TV Club	club	2025-02-18 11:23:19.41747+02	2025-02-18 11:23:19.41747+02
100	Village time Club	club	2025-02-18 11:23:19.418671+02	2025-02-18 11:23:19.418671+02
101	visitors club	club	2025-02-18 11:23:19.420688+02	2025-02-18 11:23:19.420688+02
102	visual art club	club	2025-02-18 11:23:19.421585+02	2025-02-18 11:23:19.421585+02
103	Wellness Club	club	2025-02-18 11:23:19.42397+02	2025-02-18 11:23:19.42397+02
104	Youth Impact Mission	club	2025-02-18 11:23:19.425492+02	2025-02-18 11:23:19.425492+02
105	Agriculture	professional	2025-02-18 11:23:19.427581+02	2025-02-18 11:23:19.427581+02
106	IT	professional	2025-02-18 11:23:19.428606+02	2025-02-18 11:23:19.429599+02
107	Hospitality	professional	2025-02-18 11:23:19.4326+02	2025-02-18 11:23:19.4326+02
108	Techno serve	professional	2025-02-18 11:23:19.434568+02	2025-02-18 11:23:19.434568+02
\.


--
-- TOC entry 3557 (class 0 OID 52298)
-- Dependencies: 248
-- Data for Name: api_nationalsubjectresult; Type: TABLE DATA; Schema: public; Owner: postgres
--

COPY public.api_nationalsubjectresult (id, grade, marks, kid_id, subject_id) FROM stdin;
\.


--
-- TOC entry 3551 (class 0 OID 52278)
-- Dependencies: 242
-- Data for Name: api_subject; Type: TABLE DATA; Schema: public; Owner: postgres
--

COPY public.api_subject (id, subject_name, credits) FROM stdin;
1	Mathematics	7
\.


--
-- TOC entry 3534 (class 0 OID 35758)
-- Dependencies: 225
-- Data for Name: api_user; Type: TABLE DATA; Schema: public; Owner: postgres
--

COPY public.api_user (id, password, last_login, is_superuser, username, first_name, email, is_staff, is_active, date_joined, dob, email1, gender, image_url, middle_name, phone, phone1, reg_number, rwandan_name) FROM stdin;
1	pbkdf2_sha256$870000$FiuiQSpelbFMNYazQZGHk5$EglcS3DkCtycMuo4cUqlUUZTWeiTCzNQiq/xzcpIN6s=	2025-02-11 10:47:11.54292+02	t	ngendajo	Joseph	joseph@asyv.org	t	t	2025-02-11 10:32:49.64986+02	1990-01-01	ngendajo@gmail.com	M	\N	\N	0784921483	0723539900	ASYV-0285-00	Ngendahimana
3	pbkdf2_sha256$870000$AAXXaMdA4FO5BfYlpy6UXs$6DPqekfgNev+leJzhKe76N0n1GdTK2Pbxt7dzzJhVVY=	\N	f	amureregoreth1	Goreth	\N	t	t	2025-02-13 09:53:19.420859+02	\N	\N	F	\N	\N	\N	\N	XXX001	AMURERE
4	pbkdf2_sha256$870000$t0wAxzXDBvP0ZA3PpxFiwV$AuQZ5IkfAouVysdoesYvlPju8rgh2/MOvedIBn0hEzw=	\N	f	bazizanegoreth2	Goreth	\N	t	t	2025-02-13 09:53:20.392102+02	\N	\N	F	\N	\N	\N	\N	XXX002	BAZIZANE
5	pbkdf2_sha256$870000$qENh8j1FFzRJvZ2QtXKXYV$5cLVsPfPiQtfyL9W5XN6HWQZwa7q0u6QLOI/D//WQTc=	\N	f	xxxbetty3	Betty	\N	t	t	2025-02-13 09:53:21.235485+02	\N	\N	F	\N	\N	\N	\N	XXX003	XXX
6	pbkdf2_sha256$870000$jlaJ6aGpWSNTlYJE5x4QmX$0QOkPIvTjqrem6XPEgd1st0XHdQhY91UZS4bom4guJY=	\N	f	dusabeadele4	Adele	\N	t	t	2025-02-13 09:53:22.049272+02	\N	\N	F	\N	\N	\N	\N	XXX004	DUSABE
7	pbkdf2_sha256$870000$qFM7t6TtcmwX5pF0zU4eS7$zo+n2fEhEJX5OW+dL8ArTqjP4T3/FlHra7+yli/o3wk=	\N	f	dusabemarie5	Marie	\N	t	t	2025-02-13 09:53:22.865331+02	\N	\N	F	\N	\N	\N	\N	XXX005	DUSABE
8	pbkdf2_sha256$870000$TFBBMblMWqYj11NKCX7DSF$D/ORzDgS8yz0K/xF2PCHdTCehWQBWgIDQ9ysLWJs964=	\N	f	dushimimanagodelieve6	Godelieve	\N	t	t	2025-02-13 09:53:23.66272+02	\N	\N	F	\N	\N	\N	\N	XXX006	DUSHIMIMANA
9	pbkdf2_sha256$870000$iQjtiJpLEgVAJ7989Ss9Yu$MJobjGw9VfbO/ze8KLQkFnK7LTnICj5AwvoHkbH7xxs=	\N	f	dusingizemariyabernadette7	Bernadette	\N	t	t	2025-02-13 09:53:24.46739+02	\N	\N	F	\N	\N	\N	\N	XXX007	DUSINGIZEMARIYA
10	pbkdf2_sha256$870000$cYzweMa8InIzTKGOQoaekb$VM2yzz7N8uetZqZgdPjWSku7Lti61vti5RNA9oAjaSg=	\N	f	gahongayireagnes8	Agnes	\N	t	t	2025-02-13 09:53:25.30019+02	\N	\N	F	\N	\N	\N	\N	XXX008	GAHONGAYIRE
11	pbkdf2_sha256$870000$0KlFwHs0wFk76teztEXnes$6l24ok0vlksuGznIJUGRzErtlH2NuorG8zvd17FX3LU=	\N	f	intumwabeatrice9	Beatrice	\N	t	t	2025-02-13 09:53:26.191801+02	\N	\N	F	\N	\N	\N	\N	XXX009	INTUMWA
12	pbkdf2_sha256$870000$qfhrGPdlu62cPkHjAqgzVo$6AScO6C+h48wCgZ+WIKk1Q0aetCOHVF15P0QV1SHVjE=	\N	f	kamagajuernestine10	Ernestine	\N	t	t	2025-02-13 09:53:26.986715+02	\N	\N	F	\N	\N	\N	\N	XXX010	KAMAGAJU
13	pbkdf2_sha256$870000$ZCQgzs0DdB8FG8OrBZmmRc$ozNFqPzIAUU5iHBoxW+XfgZYWgNmmsuBZ4guyyMpiUY=	\N	f	kamanzidaphrosa11	Daphrosa	\N	t	t	2025-02-13 09:53:27.812505+02	\N	\N	F	\N	\N	\N	\N	XXX011	KAMANZI
14	pbkdf2_sha256$870000$cs6aL4Jrvz5O9IxP027WAk$2/4DL0THz/sXzSx2b4dXSv7uP2F83Wf8LMAjePvGAkE=	\N	f	kanyongaernestine12	Ernestine	\N	t	t	2025-02-13 09:53:28.607018+02	\N	\N	F	\N	\N	\N	\N	XXX012	KANYONGA
15	pbkdf2_sha256$870000$BtofiTBU5HDh8hrCon9JFz$WFmQf5SK6BqJKf3QLmtZFj6kAr65Q6iu99NdMtwP3+8=	\N	f	kayirangwam.jeanne13	M.Jeanne	\N	t	t	2025-02-13 09:53:29.400336+02	\N	\N	F	\N	\N	\N	\N	XXX013	KAYIRANGWA
16	pbkdf2_sha256$870000$uFiyPWujQLzm9TAALqysNr$1K4iVcrmtUA5rg8YxU5F3WZLT+OZGkgAt7/pIBHSBkE=	\N	f	kayitesicartas14	Cartas	\N	t	t	2025-02-13 09:53:30.240165+02	\N	\N	F	\N	\N	\N	\N	XXX014	KAYITESI
17	pbkdf2_sha256$870000$kqgt3lW2IsfrcPC4lsCm0W$CZkhzfnUx3YTmhb3EKZv38szcgwv6a/djRAMq/bu5LA=	\N	f	mamaclaire15	Claire	\N	t	t	2025-02-13 09:53:31.085506+02	\N	\N	F	\N	\N	\N	\N	XXX015	Mama
18	pbkdf2_sha256$870000$ct4Fvfd8pmQyTM2kLnmpRO$c90RKUpBdYwWUphGuo5+o9MRPgx7JZgdpPSaEz5DfHI=	\N	f	mbabazibetty16	Betty	\N	t	t	2025-02-13 09:53:31.871146+02	\N	\N	F	\N	\N	\N	\N	XXX016	MBABAZI
19	pbkdf2_sha256$870000$Dqd9E1jHtv7MPHjqeIwyhM$lcCcWZM5ZgV2kOjct2AaMyCa8OvXbmSf2t86aPLz434=	\N	f	mukabalisadorothee17	Dorothee	\N	t	t	2025-02-13 09:53:32.682723+02	\N	\N	F	\N	\N	\N	\N	XXX017	MUKABALISA
20	pbkdf2_sha256$870000$Bv4lalNRDPilIKcgr10ZYt$VcIPtmezGYj9dzINc6SUUVm/T4iLfUuaGXi4NW/1mJk=	\N	f	mukadatahillarie18	Hillarie	\N	t	t	2025-02-13 09:53:33.65635+02	\N	\N	F	\N	\N	\N	\N	XXX018	MUKADATA
21	pbkdf2_sha256$870000$9rs8gNRpkBmHLeSf3KIhit$hBX4s/6nyv43znqLEnqOMuKfNffY34yhXj3uZxzsnw0=	\N	f	mukakibibiasterie19	Asterie	\N	t	t	2025-02-13 09:53:34.4666+02	\N	\N	F	\N	\N	\N	\N	XXX019	MUKAKIBIBI
22	pbkdf2_sha256$870000$aj1YVvzL9r44vNUV72c8j2$K7wTv70mZJ7QSOBatQTIM9keYl/gCE9BbRHoG+0+oSg=	\N	f	mukamitarim.claire20	M.Claire	\N	t	t	2025-02-13 09:53:35.271803+02	\N	\N	F	\N	\N	\N	\N	XXX020	MUKAMITARI
23	pbkdf2_sha256$870000$qQGaPvpVjjZOMxjy4PdlXi$gGAUaAALipTnqG3FMiRiBKJ22QINtO8eJSFTXyBgLMI=	\N	f	mukamphizigoreth21	Goreth	\N	t	t	2025-02-13 09:53:36.157233+02	\N	\N	F	\N	\N	\N	\N	XXX021	MUKAMPHIZI
24	pbkdf2_sha256$870000$yQcwGtDHkAKINyM8pskB9G$bz2+KK8jvxKHdLU5xRwjE9TbaWNjej3ugRrpXmo98Eg=	\N	f	mukamurigoemmanuella22	Emmanuella	\N	t	t	2025-02-13 09:53:37.005177+02	\N	\N	F	\N	\N	\N	\N	XXX022	MUKAMURIGO
25	pbkdf2_sha256$870000$yqd7JHqQanAxXwMRQqPWwO$gJC3zmiIuTt67K5S+Iu6k6rlqLJDcoWStnDG5BWkptU=	\N	f	mukamusoniannonciata23	Annonciata	\N	t	t	2025-02-13 09:53:37.776875+02	\N	\N	F	\N	\N	\N	\N	XXX023	MUKAMUSONI
26	pbkdf2_sha256$870000$De8Mt9bBuXvhdjYeFajqw8$iFYwGosTrQ7AQe9oZOt343BVWza4kLx3nx0tR1ZlRQM=	\N	f	mukangangojacqueline24	Jacqueline	\N	t	t	2025-02-13 09:53:38.571954+02	\N	\N	F	\N	\N	\N	\N	XXX024	MUKANGANGO
27	pbkdf2_sha256$870000$tgCMA8zVS93yDZlZV5i4am$vTOPCd7JMsfvqsbOLcrU6x2elrasjQNqEFK/T7KyXfU=	\N	f	mukansangagodelive25	Godelive	\N	t	t	2025-02-13 09:53:39.433639+02	\N	\N	F	\N	\N	\N	\N	XXX025	MUKANSANGA
28	pbkdf2_sha256$870000$sbdj5DknKcBQYZyCDfldKq$A4DCM4spJihDARct39xp+Wu/Yuu+fEcUgIbC2q9GUK0=	\N	f	mukansangam.devotha26	M.Devotha	\N	t	t	2025-02-13 09:53:40.215132+02	\N	\N	F	\N	\N	\N	\N	XXX026	MUKANSANGA
29	pbkdf2_sha256$870000$XKxaWaj50XleAiBgsBy6A3$A2THt1xlnVvIfYh0qYwrW5DZuW2LhWfGVBL0GDeXDWg=	\N	f	mukansoneyeannociata27	Annociata	\N	t	t	2025-02-13 09:53:41.042593+02	\N	\N	F	\N	\N	\N	\N	XXX027	MUKANSONEYE
30	pbkdf2_sha256$870000$MhDwHcOm2FCqBQ0Yg2hVIV$TWKapuLFi9sdOmn15EnuhPXEDEippGBRoXY8n2SZI7U=	\N	f	mukantaganirabeatha28	Beatha	\N	t	t	2025-02-13 09:53:41.915667+02	\N	\N	F	\N	\N	\N	\N	XXX028	MUKANTAGANIRA
31	pbkdf2_sha256$870000$own5iqohz8dFnYCVs8Qh4X$G4yDE1j7RBmkxWVLa6c55RLevVSdAgd944KOLpGtiIs=	\N	f	mukarugemamarceline29	Marceline	\N	t	t	2025-02-13 09:53:42.687729+02	\N	\N	F	\N	\N	\N	\N	XXX029	MUKARUGEMA
32	pbkdf2_sha256$870000$EXFKFNDMlpo2I9TxqAxyDL$qPDiJyInSadRsDkAsPfIBZ7lrlW8OjKxufAzEZkLT1s=	\N	f	mukarusagaraemerthe30	Emerthe	\N	t	t	2025-02-13 09:53:43.522423+02	\N	\N	F	\N	\N	\N	\N	XXX030	MUKARUSAGARA
33	pbkdf2_sha256$870000$pTPVnLzesPnvANUiAIFUsJ$bCSUsq59lrRF1sIGpzqyyMwsD9gNwvPMBuRueFpvQkY=	\N	f	mukarwemaagnes31	Agnes	\N	t	t	2025-02-13 09:53:44.374621+02	\N	\N	F	\N	\N	\N	\N	XXX031	MUKARWEMA
34	pbkdf2_sha256$870000$lq7LsG5VRZaIs71AWKTTFu$NQDEnFV3p2/dj7A07I5KLx226r67PtOiZHjDJ/FcZGE=	\N	f	mukaselekelithacienne32	Thacienne	\N	t	t	2025-02-13 09:53:45.170456+02	\N	\N	F	\N	\N	\N	\N	XXX032	MUKASELEKELI
35	pbkdf2_sha256$870000$zgfeF54gjr54o10185nOQl$ARBJKJ5yu6i5aS7TiP7fp/KmDk1wKyz05vJfiM7NsqM=	\N	f	mukashyakavivian33	Vivian	\N	t	t	2025-02-13 09:53:45.997629+02	\N	\N	F	\N	\N	\N	\N	XXX033	MUKASHYAKA
36	pbkdf2_sha256$870000$IL8tOFUFncBvHMcQwuaOM5$nUGv7D491apC/x7RVKQkWsmu2CaP1jc+e2+tyv2zgdc=	\N	f	mukeshimanaanne marie34	Anne Marie	\N	t	t	2025-02-13 09:53:46.869518+02	\N	\N	F	\N	\N	\N	\N	XXX034	MUKESHIMANA
37	pbkdf2_sha256$870000$sJGEobPYsBq1n7wuZSxkLZ$2KJTbtFMotYHFP9bSmZvHOxlzOEd27JN9xr9LtaLPTA=	\N	f	munganyinkajoy35	Joy	\N	t	t	2025-02-13 09:53:47.677036+02	\N	\N	F	\N	\N	\N	\N	XXX035	MUNGANYINKA
38	pbkdf2_sha256$870000$mLrUYZqVY8WUzq8Vvu8g1N$HUnZOMglUBlfaTkDNxEsTAGXlq8sAAlpXPfxCO5LPSA=	\N	f	murekateteillumunee36	Illumunee	\N	t	t	2025-02-13 09:53:48.491044+02	\N	\N	F	\N	\N	\N	\N	XXX036	MUREKATETE
39	pbkdf2_sha256$870000$OzTn33ulK2m7zOvyTkzF3I$4q+i5dvFGu//XyfTz7KcXdRIUstOq8i7719yRiBE6es=	\N	f	musavyejeanne37	Jeanne	\N	t	t	2025-02-13 09:53:49.359685+02	\N	\N	F	\N	\N	\N	\N	XXX037	MUSAVYE
40	pbkdf2_sha256$870000$Sxg5hCW0zfUgYZuJ4eiXfk$SzYJeIRKiraKW3kXorQ1eOXgKty5c7eSuHCPO7UN+rM=	\N	f	musemakweliconsolate38	Consolate	\N	t	t	2025-02-13 09:53:50.176904+02	\N	\N	F	\N	\N	\N	\N	XXX038	MUSEMAKWELI
41	pbkdf2_sha256$870000$IF0gpYFVAaQWmcRH7YcMhc$N6QBeBhHXfnoKry4TOQC4iV5tIVI/yRfDC1E0OA79pg=	\N	f	mutegarugoriclaudine39	Claudine	\N	t	t	2025-02-13 09:53:51.00458+02	\N	\N	F	\N	\N	\N	\N	XXX039	MUTEGARUGORI
42	pbkdf2_sha256$870000$F1DSzp5dd1GCnBG9DfQ0Jy$Q1wdt+LL1i+MfmxbiaKo8zDy4JPWQ5brJpUKL/1epgM=	\N	f	muziranengecateline40	Cateline	\N	t	t	2025-02-13 09:53:51.856011+02	\N	\N	F	\N	\N	\N	\N	XXX040	MUZIRANENGE
43	pbkdf2_sha256$870000$rsOPA4dF0asgrRLO7n23hh$v2enLjLaU2tEJeZb8+msLgquTds32pRZTZJEvvw65jY=	\N	f	mwizerwaolivia41	Olivia	\N	t	t	2025-02-13 09:53:52.700256+02	\N	\N	F	\N	\N	\N	\N	XXX041	MWIZERWA
44	pbkdf2_sha256$870000$8Os6i1UZOSJlJM8U5c3Jwj$8l6U2ubRpx6VQFh0z7n2SJ9HUaBAgZQbEJbF0CnGCYQ=	\N	f	nduwumwem.grace42	M.Grace	\N	t	t	2025-02-13 09:53:53.483513+02	\N	\N	F	\N	\N	\N	\N	XXX042	NDUWUMWE
45	pbkdf2_sha256$870000$eQDQy1lfuTFaZ7ZECMJpBg$eOU0z+QjgMyZyDvPixz1NXCIQ2+KFtBJwPjCbi4tHyg=	\N	f	nyambugamarie claire43	Marie Claire	\N	t	t	2025-02-13 09:53:54.300286+02	\N	\N	F	\N	\N	\N	\N	XXX043	NYAMBUGA
46	pbkdf2_sha256$870000$HDBRggiZyY7s9gByHa2jIb$BPdCKnVqJMKAoYGn88WzcFjy4zNW+45v0OIgPl4eaLA=	\N	f	nyinawumuntuemmiliene44	Emmiliene	\N	t	t	2025-02-13 09:53:55.264407+02	\N	\N	F	\N	\N	\N	\N	XXX044	NYINAWUMUNTU
47	pbkdf2_sha256$870000$HF0t6H0sMNY3OyO7Ko377m$h2sh4HgWVFwELmTZNWPXzFf7wl2PGNKBxZWzsYKPUQI=	\N	f	nyirabahinziegidia45	Egidia	\N	t	t	2025-02-13 09:53:56.138538+02	\N	\N	F	\N	\N	\N	\N	XXX045	NYIRABAHINZI
48	pbkdf2_sha256$870000$5CxxEwnp2dNKK0T9FKi8T7$h99Qq+E02NDd0BUyzhb2jLhZIhM2Awgsw6iPIpRyzuc=	\N	f	nyiragatwakazithacienne46	Thacienne	\N	t	t	2025-02-13 09:53:57.356793+02	\N	\N	F	\N	\N	\N	\N	XXX046	NYIRAGATWAKAZI
49	pbkdf2_sha256$870000$zFyujZmxebTd21GeAmtQFH$+jmiTBezL6ysfH3iIIFmc8agd4O27QHxI2RJXUEJDlI=	\N	f	nyirarutazajeannette47	Jeannette	\N	t	t	2025-02-13 09:53:58.416901+02	\N	\N	F	\N	\N	\N	\N	XXX047	Nyirarutaza
50	pbkdf2_sha256$870000$40ZvHMTYXGN1l8HS1epGJq$AA1qKNnmj79r5KBiNhLQKVPE2nSQepAbvsBsHUWNPc8=	\N	f	nzamukoshaannociatta48	Annociatta	\N	t	t	2025-02-13 09:53:59.276052+02	\N	\N	F	\N	\N	\N	\N	XXX048	NZAMUKOSHA
51	pbkdf2_sha256$870000$83IbRcELyJxn8yXyocEMgI$SnBzRP6ZaknHPW290RCrH8RtSDyHCCqxAE3WX2ghtCQ=	\N	f	ruzibizaemmaculee49	Emmaculee	\N	t	t	2025-02-13 09:54:00.111405+02	\N	\N	F	\N	\N	\N	\N	XXX049	RUZIBIZA
52	pbkdf2_sha256$870000$fg1QYzJD9QYzlqBNWD4d6n$GRNSfVDhVm7OXtul9v8k5JUssX2Ofi0mPvgNrBVj4gk=	\N	f	umutesiemerance50	Emerance	\N	t	t	2025-02-13 09:54:01.084581+02	\N	\N	F	\N	\N	\N	\N	XXX050	UMUTESI
53	pbkdf2_sha256$870000$EViIHw15oD2w3rOJUVEGIz$4RrdCYnS9jna01ZIoS9DKJdr4vTAI0XZHbszw9n5bCY=	\N	f	uringaniyespeciose51	Speciose	\N	t	t	2025-02-13 09:54:02.01621+02	\N	\N	F	\N	\N	\N	\N	XXX051	URINGANIYE
54	pbkdf2_sha256$870000$k30nTDmXhuUc49rV3SkNYQ$f5cyO8XDc8yJjdkDAYHciTRZwWxUpuC09Z/Up9pDXAc=	\N	f	uwamariyaconsolee52	Consolee	\N	t	t	2025-02-13 09:54:02.852938+02	\N	\N	F	\N	\N	\N	\N	XXX052	UWAMARIYA
55	pbkdf2_sha256$870000$N4r1lK0SKqAyG6I3Tg4gKQ$a83gycPsqqQPA8TvzN6jUh324lYId0WdxXk4wy6pgCI=	\N	f	uwambayeernestine53	Ernestine	\N	t	t	2025-02-13 09:54:03.631205+02	\N	\N	F	\N	\N	\N	\N	XXX053	UWAMBAYE
56	pbkdf2_sha256$870000$ZJ54qkxcfkZ2u290vNKhBC$8w8jEv+XKT9UIoMOT85bCUII7Shw0PHyBY0JRWTlp2o=	\N	f	uwamwezijeanne54	Jeanne	\N	t	t	2025-02-13 09:54:04.471412+02	\N	\N	F	\N	\N	\N	\N	XXX054	UWAMWEZI
57	pbkdf2_sha256$870000$wD27n7jEz9HSaBkC9X8qnV$DIly1LaFhv1fKJ394u9got8w66jMmJ8ZD2fb5cj/gJI=	\N	f	uwantegeleah55	Leah	\N	t	t	2025-02-13 09:54:05.341728+02	\N	\N	F	\N	\N	\N	\N	XXX055	Uwantege
77	pbkdf2_sha256$870000$paMRy1fgD14ZR96t9X7mzo$yN2SXphSglcxHKmhjsqoYr5XhDqB8PafSYLkKteZhto=	\N	f	immaculee2012	Immaculee	immaculee.m@asyv.org	f	t	2025-03-05 14:27:34.11713+02			F			1111111111		ASYV-0300-00	XXX
654	pbkdf2_sha256$870000$aS1tJja2fP64inSYU1rVFy$11ba+R4fz3+aYczF37sltKsjJi2POPF0LIi43fqoa0I=	\N	f	ishimweeric20237	Eric	eshimwe4@gmail.com	f	t	2025-03-25 10:40:56.899461+02	1994-08-21	\N	M	\N	\N	+250788506844	\N	20237	ISHIMWE
655	pbkdf2_sha256$870000$vFaDqFIEf6HnpaF5IKNS4l$8lfuqP/OHs1sUwpzlflT0EpG50agFFA/AkXlY5v4OGA=	\N	f	kabiyonaeric20226	Eric	kabiyonaeric@gmail.com	f	t	2025-03-25 10:40:56.93158+02	1993-09-07	\N	M	\N	\N	+250785457101	\N	20226	KABIYONA
656	pbkdf2_sha256$870000$BsFiKzj90ObLLKuMoeOzEN$LZjspe4w+5bloTTEULCVmk2NXYXKuNfi2+ZdJDUQ8Uk=	\N	f	manishimweshadrack20228	Shadrack	ischadrack@yahoo.com	f	t	2025-03-25 10:40:56.940637+02	1994-07-04	\N	M	\N	\N	+250785752273	\N	20228	MANISHIMWE
657	pbkdf2_sha256$870000$MaToEvsSoNoG1O9ffUCUlE$uRZZJNerOawxj6w/LChrLvN6kqGhvAjsqLAFYYQIE84=	\N	f	matsikoaugustin20213	Augustin	matsikoaugustin20213@gmail.com	f	t	2025-03-25 10:40:56.949583+02	1993-12-12	\N	M	\N	\N	+250782035415	\N	20213	MATSIKO
82	pbkdf2_sha256$870000$GzNs2zoBDik6yflRf2Is3T$bWgSjnMmtw3iAIrH8m/m/QYV4aBKUwXJ9hP1YFp/A2w=	\N	f	UwambajeErnestine1	Ernestine	UwambajeErnestine1@asyv.org	f	t	2025-03-06 07:03:04.342611+02		_UwambajeErnestine1@asyv.org	F			1111111114	1111111115	ASYV-0304-00	Uwambaje
83	pbkdf2_sha256$870000$HINhQvf1QCjMt7udvufKyN$POlAxNqlKG4X/VsQCN/1ob1KY54srg2pZBt+bKG2Qbk=	\N	f	ayinkamiyecatherine2018077081	Catherine	katycatherine250@gmail.com	f	t	2025-03-06 10:26:34.875315+02	\N	\N	F	\N	\N	+250723568357	\N	2018077081	AYINKAMIYE
84	pbkdf2_sha256$870000$XXlZQV6UdGgRCDZgWU1kty$7JQzYcCB99FPn/kXQhxO4iSJVhObBBfPzGPuFgxardA=	\N	f	bahaliruth2018077082	Ruth	bahaliruth@gmai.com	f	t	2025-03-06 10:26:34.96639+02	\N	\N	F	\N	\N	+250787567789	\N	2018077082	BAHALI
85	pbkdf2_sha256$870000$qLre7wE5CMKNZxqTssfGJW$lqwV0GenKQdPIlyEcC1PFUUMP+6vfLI0j9pFg0tA51U=	\N	f	beritetoliliose2018077083	Liliose	lberiteto@gmail.com	f	t	2025-03-06 10:26:34.972466+02	\N	\N	F	\N	\N	+250787047488	\N	2018077083	BERITETO
86	pbkdf2_sha256$870000$JJ6aI8MCq9Bz7TSOeateCQ$kKd3ZsHRMnuI4OUJFFBt6BVfu4J0pfRRvp9roeLMMa0=	\N	f	dusabimanaeuphrosine2018077084	Euphrosine	dusabimanaeu@gmail.com	f	t	2025-03-06 10:26:34.986685+02	\N	\N	F	\N	\N	+250784515598	\N	2018077084	DUSABIMANA
87	pbkdf2_sha256$870000$pIlSsYPBBkVfKltDQhMcEh$+i/yZZYzrWhIMR9r4IDgSJTTzKl0CLCImduLqjrlP00=	\N	f	gajuyvonne2018077085	Yvonne	gajuyvonne@gmail.com	f	t	2025-03-06 10:26:34.997542+02	1997-12-02	\N	F	\N	\N	+250783054361	\N	2018077085	GAJU
88	pbkdf2_sha256$870000$kEqWQ1oC8w4auCzRpruXMg$vxG8hA+Jx/MYtwSQwMZdsdFbkhxgMqzWwAPtnfrtlDQ=	\N	f	mitalialine2018077086	Aline	mitalialine123@gmail.com	f	t	2025-03-06 10:26:35.005095+02	\N	\N	F	\N	\N	+250783115263	\N	2018077086	MITALI
89	pbkdf2_sha256$870000$CpogTL4S0xvZGwwp2DpVb8$gZcuwIPSao+TCyqJr3bg1mrPT4sR7hC4jJkh419GuRA=	\N	f	mukabarangajane2018077087	Jane	mukabarangajane11@gmail.com	f	t	2025-03-06 10:26:35.015084+02	\N	\N	F	\N	\N	+250780005722	\N	2018077087	MUKABARANGA
90	pbkdf2_sha256$870000$vOIojEMLhInZS3XRmU9XnZ$Wbgw1c/QrKX14yVA7FaUlv9kn5huTDxo7ZGB/gtiOJQ=	\N	f	mukakalisajoanna2018077088	Joanna	mukakalisajoanna@gmail.com	f	t	2025-03-06 10:26:35.024299+02	\N	\N	F	\N	\N	+250783705066	\N	2018077088	MUKAKALISA
91	pbkdf2_sha256$870000$5lAqoa4jNrwz8fLv6dTp9h$TMXl7ZQ3uzB0ZnYUyMsfVyJaNyPYFaU7SjpL6W3LJEA=	\N	f	mutonigloria2018077089	Gloria	gasanagloria5@gmail.com	f	t	2025-03-06 10:26:35.034155+02	\N	\N	F	\N	\N	+250788829573	\N	2018077089	MUTONI
92	pbkdf2_sha256$870000$HoD9FI1hsvcr5bbNwrKyv5$rayevS7GPmL7Rmf+ozUcnqLE+rfOfRptr397Y0RaGRI=	\N	f	niyokwizeraallelua2018077090	Allelua	allelua.niyokwizera@gmail.com	f	t	2025-03-06 10:26:35.043563+02	1996-01-01	\N	F	\N	\N	+50661232617	\N	2018077090	NIYOKWIZERA
93	pbkdf2_sha256$870000$ZHMYc7AX7xzZQ7WYmus4tg$tU4SGfBbBkNY7eMoe+SqdnREy/ow5vz/ryg7SjN5z6c=	\N	f	niyonambazafrancoise2018077091	Francoise	niyonambazafrancoise@gmail.com	f	t	2025-03-06 10:26:35.055088+02	\N	\N	F	\N	\N	+250789854386	\N	2018077091	NIYONAMBAZA
94	pbkdf2_sha256$870000$PIOclzmhGos348EskvddRO$Px2ODoswx5UuvHYlaZ0HBj9ULqpoP/dFfj2YH6Vg6GY=	\N	f	tumukundebernardine2018077092	Bernardine	wazatumukunde@gmail.com	f	t	2025-03-06 10:26:35.066041+02	\N	\N	F	\N	\N	+250786567956	\N	2018077092	TUMUKUNDE
95	pbkdf2_sha256$870000$cSLA2aEjDuknTpQZcYX12X$XM8xGbzwqMxqIp6BnaMBXpJ4QoNDBMhc2QR0BXtWf8U=	\N	f	niyonambazacolette2018077093	Colette	coleterwambali@gmail.com	f	t	2025-03-06 10:26:35.073682+02	\N	\N	F	\N	\N	+250789172127	\N	2018077093	NIYONAMBAZA
96	pbkdf2_sha256$870000$1n6ro0E9AjHV2cfziaX7Kl$cgp1mJXJ1Ox3Yg3P7IhOBHsAlkstSiFQnTwRjbDEz7g=	\N	f	umuhuzaafisa2018077094	Afisa	afisahumuhuza@gmail.com	f	t	2025-03-06 10:26:35.084323+02	\N	\N	F	\N	\N	+250783463670	\N	2018077094	UMUHUZA
97	pbkdf2_sha256$870000$3l7xk2gW5UiTdWn5owSnXR$Ksu14P4sGrF21Qipw/fqpKPFXe5m4PryK3nz2vwZyiM=	\N	f	uwinezaclarisse2018077095	Clarisse	isimbiclarisse5@gmail.com	f	t	2025-03-06 10:26:35.098505+02	\N	\N	F	\N	\N	+250786832208	\N	2018077095	UWINEZA
98	pbkdf2_sha256$870000$f4MFSZtJ971Zt9yjlUYxbl$UGb0Eyx4lSYYyWUdCRV1HJMYHGt1Hwj+eoWpFn+k91c=	\N	f	uwizeYouth Impact Missionanaanne2018077096	Anne	uwizeyouth impact missionanaannah@gmail.com	f	t	2025-03-06 10:26:35.108803+02	\N	\N	F	\N	\N	+250784939877	\N	2018077096	UWIZEYouth Impact MissionANA
99	pbkdf2_sha256$870000$QgiKvCd78Ehbc9VMWILKNz$DtricRxnXXuQRHWkVjov2chQ8iaW0roz2rlw/gxoLrg=	\N	f	niyonshimapatrick101651	Patrick	patrickniyonshima@gmail.com	f	t	2025-03-06 10:26:35.119176+02	1993-01-16	\N	M	\N	\N	+12076182401	\N	101651	NIYONSHIMA
100	pbkdf2_sha256$870000$zrOMHPFWTbtGCrs63ouHcY$ssBcGd6DUeT0Ir0nhWxECgUnoFe1+mXuXX6ZW76EKQA=	\N	f	irankundaclaude101665	Claude	clirankunda@gmail.com	f	t	2025-03-06 10:26:35.127365+02	1995-04-30	\N	M	\N	\N	+15853633134	\N	101665	IRANKUNDA
101	pbkdf2_sha256$870000$KzDOZwCj0V1PTIEmrhmYCp$ko5EjE1yX5eGG+ssSddp4AGNpnko8HTzshS4TR31nss=	\N	f	tuyishimedavid101680	David	davidtuyishime2@gmail.com	f	t	2025-03-06 10:26:35.135388+02	1993-06-20	\N	M	\N	\N	+250783493516	\N	101680	TUYISHIME
102	pbkdf2_sha256$870000$zBskB8XGTmD2l1Q21kgTQh$taBIbuzUiwPcvJXilSL6VxRNknjZcUYjt8Vu9DS+0Ag=	\N	f	muhireaimable101692	Aimable	maimmable@yahoo.com	f	t	2025-03-06 10:26:35.144615+02	1993-12-29	\N	M	\N	\N	+250725721333	\N	101692	MUHIRE
103	pbkdf2_sha256$870000$fO6uwQRhokWVqVIC454yBI$kSVODNsWyg4ryk+POjtGkwufrabEZZXE6k3oeKlz6fc=	\N	f	nyirishemajeanclaude101702	Jean Claude	shema-claude76@yahoo.com	f	t	2025-03-06 10:26:35.153638+02	1992-06-06	\N	M	\N	\N	+250784517646	\N	101702	NYIRISHEMA
104	pbkdf2_sha256$870000$48V7Vqr2OXLUtkG8NigZU3$2kWBeAG2ma3yIOOnYiQkvvjVoXjaFABEholcYDjJQps=	\N	f	twizeYouth Impact Missionanaetienne101704	Etienne	etiennetwizeyouth impact missionana@yahoo.com	f	t	2025-03-06 10:26:35.162554+02	1993-06-26	\N	M	\N	\N	+250789756755	\N	101704	TWIZEYouth Impact MissionANA
105	pbkdf2_sha256$870000$fQJskLOk3Zk4BOwplVWvlu$eT5cKXEu33XJ2b0cPL8HSZM0yDzN5yf3pZQqQEoJEIg=	\N	f	habyarabatumajeanbosco101712	Jean Bosco	\N	f	t	2025-03-06 10:26:35.16956+02	1993-04-16	\N	M	\N	\N	+250728158117	\N	101712	HABYARABATUMA
106	pbkdf2_sha256$870000$i7EgmvtIgTOh19r1tfcfpS$LKNWpIY7QHVebnn5HWYaG4JLwN1RAgl0hZrvxkzi1rs=	\N	f	iyarwemabertrand101714	Bertrand	\N	f	t	2025-03-06 10:26:35.177981+02	1993-03-08	\N	M	\N	\N	+250722508553	\N	101714	IYARWEMA
107	pbkdf2_sha256$870000$ywGBgdzYONpzU3PUoPm1UD$5I0V3yqoMVqoKoE3kw9mrXrFZFjzWru4uNrs0IVrfTU=	\N	f	kazerwaalexandre101719	Alexandre	akazerwa@gmail.com	f	t	2025-03-06 10:26:35.183978+02	1994-06-02	\N	M	\N	\N	+250782710364	\N	101719	KAZERWA
108	pbkdf2_sha256$870000$ZooRxTm8U6JlSncF64giBl$TXM91bAYZfX8uKsiRrOux0kJVnbysD+ypZ699SkE0x4=	\N	f	rwampungumechak101725	Mechak	\N	f	t	2025-03-06 10:26:35.190828+02	1993-05-27	\N	M	\N	\N	+250784841728	\N	101725	RWAMPUNGU
109	pbkdf2_sha256$870000$4r2Y9RquH5tEk1unawfPcA$lycXiDrzVjHNwpMSp7tMmViCcEPbffpUMuQIQ45lOac=	\N	f	ugirasenoelpatrick101729	Noel Patrick	ugirasep@gmail.com	f	t	2025-03-06 10:26:35.201095+02	1992-12-25	\N	M	\N	\N	+250785996616	\N	101729	UGIRASE
110	pbkdf2_sha256$870000$GNPUx0fz11NeMbfT5CbKCZ$PWFVCio+3rOebdVd7GuXE/aiDURNAv2dDfmxWFqzpOY=	\N	f	mbarushimanajacques101744	Jacques	jackmbarushimana@gmail.com	f	t	2025-03-06 10:26:35.213009+02	1993-12-22	\N	M	\N	\N	+250782131787	\N	101744	MBARUSHIMANA
111	pbkdf2_sha256$870000$Je2XJcME2c38NFF6FeVN03$0c2fBbKSXMlNwJCNXvL41VZ7y4/Wr6p8FN2rbYq5CBk=	\N	f	mugwanezatheoneste101745	Theoneste	mugwanezatheoneste@gmail.com	f	t	2025-03-06 10:26:35.220088+02	1994-06-29	\N	M	\N	\N	+250789894163	\N	101745	MUGWANEZA
112	pbkdf2_sha256$870000$WfxlJgLsi5TphUnpdMn4wb$m3h09ibpi8ODygve1wvyq060XUTDIeht8j0Z2FCcOJo=	\N	f	muhireheritier101746	Heritier	\N	f	t	2025-03-06 10:26:35.231051+02	1994-04-16	\N	M	\N	\N	+250725251761	\N	101746	MUHIRE
113	pbkdf2_sha256$870000$Tnx8uJGw7msmswRYOb4UC9$pum3mnLXJmdmQ9iYIexoxHrZUVDcVjV6WDFcmpD+nCo=	\N	f	mutabazifred101750	Fred	fredmutabazi60@yahoo.com	f	t	2025-03-06 10:26:35.243011+02	1992-09-05	\N	M	\N	\N	+250784884196	\N	101750	MUTABAZI
114	pbkdf2_sha256$870000$1Csku4okHJ6UxunciUrVaS$4mTIr8nHSgxK1SqWlxNfQp1Utu5mGHl1owaOmN29OjE=	\N	f	tuyizereeylse101755	Eylse	tuyizely@gmail.com	f	t	2025-03-06 10:26:35.252021+02	1994-12-22	\N	M	\N	\N	+250789882287	\N	101755	TUYIZERE
115	pbkdf2_sha256$870000$CFVCZr2H0lrhKCjwJ3HkwU$pfgcrnVj/CTYueGqs5LLSxIIUcycBp20JhKee94pt+w=	\N	f	dushimimanafabrice101935	Fabrice	dushimimanafabrice5@gmail.com	f	t	2025-03-06 10:26:35.262603+02	1996-08-02	\N	M	\N	\N	+250728799812	\N	101935	DUSHIMIMANA
116	pbkdf2_sha256$870000$9TGztiS5Zpv7hfuTMixdd0$kn5vFiQNOdXsdLP+baluQBQtJlPo1tnHlSh/IKqKWlQ=	\N	f	mutambajeanbaptiste101952	Jean Baptiste	sadammutamba@gmail.com	f	t	2025-03-06 10:26:35.272548+02	\N	\N	M	\N	\N	+250727673005	\N	101952	MUTAMBA
117	pbkdf2_sha256$870000$gSlCl4sw4UZiLhwuPVSVuH$SI/udk0W8Vqjhe0ZZto4jvD2CZooAIjBb9jasBcmZyg=	\N	f	niyonshimaemmanual101956	Emmanual	niyonshimaemmanuel@gmail.com	f	t	2025-03-06 10:26:35.281543+02	1997-01-01	\N	M	\N	\N	+250784610088	\N	101956	NIYONSHIMA
118	pbkdf2_sha256$870000$vsCEnRyjYn3litJgm4WH4h$gW7uQaCfg1RFoQYGQDTAaHRKfiyzhxLlgw6wtnMy+f0=	\N	f	uwayisabasaleh101963	Saleh	uwayisaba.sareh@gmail.com	f	t	2025-03-06 10:26:35.289528+02	1996-06-02	\N	M	\N	\N	+250782659279	\N	101963	UWAYISABA
119	pbkdf2_sha256$870000$BZhJv8lw08cStTaVtd19mK$m5ICfhlhmhmFa1NFzp/Xt+hR84Lz0QuCaTa8jb+mf0Y=	\N	f	ishimwecedric101967	Cedric	c.ishimwe1@alustudent.com	f	t	2025-03-06 10:26:35.29968+02	\N	\N	M	\N	\N	+250722586050	\N	101967	ISHIMWE
120	pbkdf2_sha256$870000$AEkVIAxTApD1qzKXrYMPzO$nx40evvSpBEaudCfDNsKc6K9zy5hLBe2UtdPJ7i1qFc=	\N	f	izereberthrand101968	Berthrand	izerebertrand@gmail.com	f	t	2025-03-06 10:26:35.307641+02	1996-12-12	\N	M	\N	\N	+250781733818	\N	101968	IZERE
121	pbkdf2_sha256$870000$RLgDG9dv6QbMhW7jjvYSZw$gzIqCeKf2gW/Xh0jTielqi44AdiPXgO+gYIlz4M0GGI=	\N	f	micomyizatheogene101977	Theogene	mico1theo@gmail.com	f	t	2025-03-06 10:26:35.31665+02	\N	\N	M	\N	\N	+16176805416	\N	101977	MICOMYIZA
122	pbkdf2_sha256$870000$MR7noudNjfNfwIP6yFcGzC$RZly7R0T1P3KsBx4Cfo2K1meUZpyqXTtD7kYtCDHPdY=	\N	f	ngabonzizaally101984	Ally	allyngabonziza@gmail.com	f	t	2025-03-06 10:26:35.324589+02	1995-01-01	\N	M	\N	\N	+250722614369	\N	101984	NGABONZIZA
123	pbkdf2_sha256$870000$wDOGxmr3ClVocn5REbw4ms$LAhuuMZd85mXWqU/kfzQSP7dK9/rLYuLDQAXb2+Keic=	\N	f	nzabandoravalens101986	Valens	vtuyishime@gmail.com	f	t	2025-03-06 10:26:35.333699+02	\N	\N	M	\N	\N	+250723005349	\N	101986	NZABANDORA
124	pbkdf2_sha256$870000$F532xCfCUJd5uHyFmVhGZQ$mJv6T5P/h/pCusxM7i6UpAkNUwTFzX+0tjJSfKYnlB0=	\N	f	ngabonzizaleonard102016	Leonard	leo.ngabonziza@live.com	f	t	2025-03-06 10:26:35.343667+02	1994-08-10	\N	M	\N	\N	+250788210633	\N	102016	NGABONZIZA
125	pbkdf2_sha256$870000$5xIUssA8Pow3FbrGJ7ecdP$NQo7jqTrkdaVxtgL1dIFU+qPY3Y2FuLpXe0E4DAstwY=	\N	f	gakubapadualouis102028	Padua Louis	padua.locket@gmail.com	f	t	2025-03-06 10:26:35.349897+02	\N	\N	M	\N	\N	+250789621924	\N	102028	GAKUBA
126	pbkdf2_sha256$870000$xyj7Gx6VWyTmKLNNZs7WWE$n814b5vTU92Rkkji8bp9P41LxUm8yOZ4U3CS9bcufcY=	\N	f	hakizimanajames102031	James	jameshakizimana7@gmail.com	f	t	2025-03-06 10:26:35.358869+02	\N	\N	M	\N	\N	+250781734302	\N	102031	HAKIZIMANA
127	pbkdf2_sha256$870000$VzDNWzZYW9vMDy3uRPoH3E$/bTC4iU+GwCwf+BugFUjG+Qr0BRSBzvqi28LgoIfyic=	\N	f	iyamarereemmanual102032	Emmanual	iyamarereemmy@gmail.com	f	t	2025-03-06 10:26:35.36846+02	\N	\N	M	\N	\N	+250722711143	\N	102032	IYAMARERE
128	pbkdf2_sha256$870000$q0toJF7JsTEFNi5C0ArWsS$1ToDu42SnIhXOmJcn9R7MP5+abxxtoWNJY9o+CHrSBY=	\N	f	ndayizeyegaspard102041	Gaspard	gaspardndayizeye@gmail.com	f	t	2025-03-06 10:26:35.375393+02	1995-01-01	\N	M	\N	\N	+250726817934	\N	102041	NDAYIZEYE
129	pbkdf2_sha256$870000$8jYrLgxH2L2gjnv6xAHvMi$fRqBC1ZawIeIw6js7eltLO6AqZdvDaE52zoo1MIvDDU=	\N	f	nshimiYouth Impact Missionanajeanbosco102046	Jean Bosco	\N	f	t	2025-03-06 10:26:35.383556+02	\N	\N	M	\N	\N	+250726888960	\N	102046	NSHIMIYouth Impact MissionANA
130	pbkdf2_sha256$870000$ivrefd7itIPbTtxFx8tccm$1+1jpJUmuo0Zx2cuoz6wV5KwpB0PPREBa6T8bAh5q3Y=	\N	f	ntagwabirayves102047	Yves	yvesntagwabira@gmail.com	f	t	2025-03-06 10:26:35.393344+02	\N	\N	M	\N	\N	+250781034182	\N	102047	NTAGWABIRA
131	pbkdf2_sha256$870000$MkPXOsC5aM4gHg3Q2Hj8Ln$6/6dCPeZGyPMWJdPmDpICLfS9IQyPi4oP9n+ecKGPug=	\N	f	cyusahonore102066	Honore	owizyc@gmail.com	f	t	2025-03-06 10:26:35.399405+02	\N	\N	M	\N	\N	+250786078258	\N	102066	CYUSA
132	pbkdf2_sha256$870000$5vCh76fRt3sST2XweAO20d$fw1gWXsqPvDfoFiQuRdwqdR0QonPzoq3kiLlAT5d0QE=	\N	f	ishimwecedric102075	Cedric	cedrickishimwe.ci@gmail.com	f	t	2025-03-06 10:26:35.40441+02	1998-02-02	\N	M	\N	\N	+250784487256	\N	102075	ISHIMWE
133	pbkdf2_sha256$870000$85lNHoYFlAPVCpOjhOEaU1$DPEEO7mTo9tX2+k8U5F862d3peSwknscwOxwXLery6c=	\N	f	nsekanaboferdinard102084	Ferdinard	nferdinand590@gmail.com	f	t	2025-03-06 10:26:35.412822+02	\N	\N	M	\N	\N	+250785723874	\N	102084	NSEKANABO
134	pbkdf2_sha256$870000$oGq0jsMqyHm2lwnSnFPHaD$8LP/6GUqyM03yF7+tF6FADV5UIrKT7x8HZqpLhPud8c=	\N	f	tuyishimedescartes102090	Descartes	descartestuyishime@gmail.com	f	t	2025-03-06 10:26:35.420805+02	\N	\N	M	\N	\N	+15854724487	\N	102090	TUYISHIME
135	pbkdf2_sha256$870000$zeYg5tpnfoCMw3caX5e3i6$IZKkTvPfQEos4Mlc4v03IUSEeuJa+v5QuYU7rn/preA=	\N	f	musangolionel102105	Lionel	lionel.musango.ml@gmail.com	f	t	2025-03-06 10:26:35.431152+02	1997-06-12	\N	M	\N	\N	+250782061316	\N	102105	MUSANGO
136	pbkdf2_sha256$870000$rlDBLjQUULnTxd4eY8qesT$Z5lvByOaYQm9Dqb42Yn4jql+GuLlLw5Qao1jzvTILRI=	\N	f	rugemapatrick102113	Patrick	rugemapatrick9@gmail.com	f	t	2025-03-06 10:26:35.43715+02	1997-07-02	\N	M	\N	\N	+250780347100	\N	102113	RUGEMA
137	pbkdf2_sha256$870000$6wKqWSKgyYTMmleqMehsQr$VAYBP+WCrRWfXv3rrU2me2A3nEHTx4mkLNsumAXaTZs=	\N	f	rutagengwajeandamascene102116	Jean Damascene	rutagengwa25@gmail.com	f	t	2025-03-06 10:26:35.444494+02	\N	\N	M	\N	\N	+250784656759	\N	102116	RUTAGENGWA
138	pbkdf2_sha256$870000$HKydzfTlWRyQGvNZDBWdjj$fMYi+KN2vt2bByQuaQWIn5b+sAcqI/mEnEjeP9Q97PE=	\N	f	tuyisabeedgar102117	Edgar	tuyisabedgard@gmail.com	f	t	2025-03-06 10:26:35.450453+02	\N	\N	M	\N	\N	+250780480413	\N	102117	TUYISABE
139	pbkdf2_sha256$870000$QYxi6EOTxvUvXsCJBuSIWc$DPrAq7YUmS8MgZEkUc0OWDmJ99bzXVxZoi8WDwrTbqU=	\N	f	benimanaprotegene102126	Protegene	bprotogene1@gmail.com	f	t	2025-03-06 10:26:35.458488+02	1996-01-07	\N	M	\N	\N	+250787344458	\N	102126	BENIMANA
140	pbkdf2_sha256$870000$JGZAKNgzKKe0WZPhLDmgc5$1TxLzfDBtbtNdKyIzjEyJmzDULlnlr4Gjd11XlCj5rY=	\N	f	mugishawilson102135	Wilson	kayitarewilson@gmail.com	f	t	2025-03-06 10:26:35.467497+02	\N	\N	M	\N	\N	+250783471212	\N	102135	MUGISHA
141	pbkdf2_sha256$870000$qns4If95j2NNxM7i23Q8KA$DFNc/zMHlBy4uF5/DrZ7QYxXOtsHzAmJMJ61RI7pwCM=	\N	f	muhiredidier102136	Didier	didiermuhire523@gmail.com	f	t	2025-03-06 10:26:35.474175+02	\N	\N	M	\N	\N	+250780475361	\N	102136	MUHIRE
142	pbkdf2_sha256$870000$GaLNdWgkwSOyelONotimY8$QAV9nJ/XHV39gRmBnRMk83xBhZYdq7YSX5qbXzF7EmM=	\N	f	niyonzimaeric102145	Eric	niyonzimaeric15@gmail.com	f	t	2025-03-06 10:26:35.483334+02	1999-06-08	\N	M	\N	\N	+250784629646	\N	102145	NIYONZIMA
143	pbkdf2_sha256$870000$woN2s200CLUU4oK4w9Tvjw$XbG/uJLS2jTbpKhj3LepgUZboj9dLhonB6uGyA7Iwqk=	\N	f	ntihemukaprince102147	Prince	princemudahakana@gmail.com	f	t	2025-03-06 10:26:35.489355+02	1997-12-04	\N	M	\N	\N	+250789824100	\N	102147	NTIHEMUKA
144	pbkdf2_sha256$870000$V5O9P66FoJ8oX0vxIXBzEe$BU2i8jqQrWIgLRQbG1AOr9+DoNZTTTIGW0fa7pi2hnw=	\N	f	kuramukobwaetienne102164	Etienne	kubwimanaetienne20@gmail.com	f	t	2025-03-06 10:26:35.497305+02	1993-08-06	\N	M	\N	\N	+250723155994	\N	102164	KURAMUKOBWA
145	pbkdf2_sha256$870000$dmDnyLxb4INEUxocs9WmEV$u699BaTMYXYSC7+2VZW9vNbMZ7WWcTj0f2p3PkBo4Ak=	\N	f	mucyoaime102165	Aime	aimemucyo41@gmail.com	f	t	2025-03-06 10:26:35.50485+02	\N	\N	M	\N	\N	+250782136428	\N	102165	MUCYO
146	pbkdf2_sha256$870000$Wtfg2SKum7TE76yQeGVsfL$mQDkc99LINnrh5kIKOFYOp5u8k/FmIAqSQ0MGoCRUjA=	\N	f	niyizampozapascal102178	Pascal	\N	f	t	2025-03-06 10:26:35.513778+02	1995-06-04	\N	M	\N	\N	+250723477490	\N	102178	NIYIZAMPOZA
147	pbkdf2_sha256$870000$DFtpCRzYjMr3GJoa5pmsK6$wXIWQqYXMS8KAcV2q3kPGfmgpouEdyr5gm65FT7pZm0=	\N	f	niYouth Impact Missionfashaconsolee2022112033	Consolee	consoleeniyouth impact missionfasha2022@gmail.ccom	f	t	2025-03-06 10:26:35.524969+02	\N	\N	F	\N	\N	+791319571	\N	2022112033	NiYouth Impact Missionfasha
148	pbkdf2_sha256$870000$eUaBVwmEc5fACTY5M5XFtm$Zq0YvWWCcpYSNlTtnm058EwG3WaLZIfXd4WH1EtwTnE=	\N	f	akimanagabriella2022113045	Gabriella	akimanagabriella@gmail.com	f	t	2025-03-06 10:26:35.535573+02	\N	\N	F	\N	\N	+788689250	\N	2022113045	Akimana
149	pbkdf2_sha256$870000$ST14OUJTEfmVJsd0gLFT9w$MqSaOEdeJbjPgbSPh/Xhqo7UKkSOuFKf/0KopjIt7nM=	\N	f	berwanoella2022113046	Noella	noella.berwa@gmail.com	f	t	2025-03-06 10:26:35.544891+02	\N	\N	F	\N	\N	+790326005	\N	2022113046	Berwa
150	pbkdf2_sha256$870000$lH7MUgQ2ZCj1Mk9jTKhM67$Z8K5ZYb8reOiTaYC6vAIqj8tu12MF8BJeBMNEjFyMQA=	\N	f	dushimimanadelphine2022113047	Delphine	delphinedushim1@gmail.com	f	t	2025-03-06 10:26:35.552503+02	\N	\N	F	\N	\N	+782354405	\N	2022113047	Dushimimana
151	pbkdf2_sha256$870000$MieiUwXBC0lTEMi5jjw9IR$l6qIk8G577sCXULg1bivhb3Ruo7QwGByNRfFf1CbVHc=	\N	f	gajucharmante2022113048	Charmante	cgaju21@gmail.com	f	t	2025-03-06 10:26:35.559853+02	\N	\N	F	\N	\N	+785157654	\N	2022113048	Gaju
152	pbkdf2_sha256$870000$q3x2soaOyYaNwF4ZPUZw9h$oF+EGz/78LqLJzW8H2r80xhriBoLGEpvWsMMYN/OGGA=	\N	f	icyezacyuzuzohonorine2022113049	Honorine	icyezachonorine49@gmail.com	f	t	2025-03-06 10:26:35.568781+02	\N	\N	F	\N	\N	+780141044	\N	2022113049	Icyeza Cyuzuzo
153	pbkdf2_sha256$870000$P5LcyCHzbJxFSSTq6ykyLX$j+dA7KhSuiJXBdmdk8o1IwZwmTPi3Tx3fqHJ93Ik3Lo=	\N	f	kirezirehema2022113050	Rehema	kirezirehema444@gmail.com	f	t	2025-03-06 10:26:35.577671+02	\N	\N	F	\N	\N	+789149182	\N	2022113050	Kirezi
154	pbkdf2_sha256$870000$DNKbtBaRGUQM1TvJxLd3O7$/nvbe867xnXvxS14+T20IVrmXRsRc8YhCiZH7BT7XQg=	\N	f	mpawenayoraissa2022113051	Raissa	mpawenayora@gmail.com	f	t	2025-03-06 10:26:35.586556+02	\N	\N	F	\N	\N	+791314764	\N	2022113051	Mpawenayo
155	pbkdf2_sha256$870000$BvfP9IYibgwlIWYbnGCEvz$ggvqd203oWvbxLjP4PJq2s0rkdWdDBHryEPFnm2e9qY=	\N	f	mukamukizamilliam2022113052	Milliam	mukamukizamilliam3@gmail.com	f	t	2025-03-06 10:26:35.596163+02	\N	\N	F	\N	\N	+785350848	\N	2022113052	Mukamukiza
156	pbkdf2_sha256$870000$buTmK9NUxteRdPLcDjo3JD$9t3AyjiQ4TaVWcLXXaNcAHpJNHLgnk+0fJL8wKwQ8o0=	\N	f	mukangarambevestine2022113053	Vestine	mukangarambevestine1@gmail.com	f	t	2025-03-06 10:26:35.604131+02	\N	\N	F	\N	\N	+790745818	\N	2022113053	Mukangarambe
157	pbkdf2_sha256$870000$IDr0gWze4eg9n6JZncA951$HbSlTVBk5Acsie9k+qpqSANSdxeLt1WsodAbcn2+5x8=	\N	f	mutesijackline2022113054	Jackline	mutesijack12@gmail.com	f	t	2025-03-06 10:26:35.61334+02	2001-03-04	\N	F	\N	\N	+783619445	\N	2022113054	Mutesi
158	pbkdf2_sha256$870000$O7grzAm7z1X3UecIAdloe0$Eq4LslbTbLq2AT2i/NYXNFNnpv67u2jY6YR0M+e59Ps=	\N	f	mutonijackline2022113055	Jackline	jmutoni174@gmail.com	f	t	2025-03-06 10:26:35.621339+02	\N	\N	F	\N	\N	+790894683	\N	2022113055	Mutoni
159	pbkdf2_sha256$870000$De6Z98Xb09lZ7flIDm4jZi$NqmeFrMy9oUjczuTYheCb+s6tEnIYpkGWiouVeNbo20=	\N	f	nyamutolissor2022113058	Lissor	lissar.nyamuto@gmail.com	f	t	2025-03-06 10:26:35.631094+02	2005-03-10	\N	F	\N	\N	+727672517	\N	2022113058	Nyamuto
160	pbkdf2_sha256$870000$RN9DItblbqs6xKthxG89kr$nLFdY+IwGWxWaBT+ClixAkapg+RSGLNMhNCDCSURrzg=	\N	f	nyirarukundaostephanie2022113059	Stephanie	stephanienyirarukundo380@gmail.com	f	t	2025-03-06 10:26:35.638098+02	\N	\N	F	\N	\N	+798626672	\N	2022113059	Nyirarukundao
161	pbkdf2_sha256$870000$XzlNwaXNQ9BbDONVDpJlii$Bhk0A04jSY8Re9/fzHTq13ZDvV7HsX+Q4G8brNPMDMI=	\N	f	tuyisingizeesther2022113060	Esther	tuyisingizeester@gmail.com	f	t	2025-03-06 10:26:35.647575+02	2001-09-08	\N	F	\N	\N	+781308600	\N	2022113060	Tuyisingize
162	pbkdf2_sha256$870000$zrxDgwP1RGFcaeq2bWJ5aN$cEtk+yDn10dvkAXlrWyzua9244qRQthR47W9/M8uXgc=	\N	f	uwambayecredia2022113061	Credia	kar.credia@gmail.com	f	t	2025-03-06 10:26:35.654574+02	\N	\N	F	\N	\N	+782602921	\N	2022113061	Uwambaye
163	pbkdf2_sha256$870000$sxhhxz1Ta6RhwXGpt21uXG$2AGRzjPCYvKqcU+oagi/qPgzID4ZJdZANeCm9iRFOI0=	\N	f	uwihanganyesarah2022113062	Sarah	uwihanganyesarah@gmail.com	f	t	2025-03-06 10:26:35.66275+02	2003-12-12	\N	F	\N	\N	+783246333	\N	2022113062	Uwihanganye
164	pbkdf2_sha256$870000$mGk3cfvlxVEkcE0tPjMlvW$S71ags6AVy6t35nxdOZiU6w/GcQy6uB4olRPmeOswes=	\N	f	uwimanapascaline2022113063	Pascaline	paccyvinkay@gmail.com	f	t	2025-03-06 10:26:35.669857+02	\N	\N	F	\N	\N	+785980336	\N	2022113063	Uwimana
165	pbkdf2_sha256$870000$NVgYrbTgZJCEPJRRz9ubgG$89C+1HuMYRERp17JzFeB4zwMb5TMITFB1jUoNpA3gTY=	\N	f	uwimbabazijacqueline2022113064	Jacqueline	juwimbabazi8@gmail.com	f	t	2025-03-06 10:26:35.676692+02	\N	\N	F	\N	\N	+786777758	\N	2022113064	Uwimbabazi
166	pbkdf2_sha256$870000$gysy3YIvwYKKjb1CPF1AyG$ICpaiI9V1pWea/Cpw1uArNrz2wrcnsAS0fVi7jVUGi0=	\N	f	nireresolange2022116123	Solange	snirere19@gmail.com	f	t	2025-03-06 10:26:35.683974+02	2002-07-06	\N	F	\N	\N	+790708655	\N	2022116123	Nirere
167	pbkdf2_sha256$870000$OwKMN7lYD5Bl3tnajxqXuH$Ck+co+ugyvN3InDM5uq03jw+7IXh+/5h/0nNYTAwL0E=	\N	f	bahatijonas2018073033	Jonas	sabatojonasbahati@gmail.com	f	t	2025-03-06 10:26:35.690546+02	\N	\N	M	\N	\N	+250784607140	\N	2018073033	BAHATI
168	pbkdf2_sha256$870000$3noRUxyxR9mRuur5NTFqBm$z+K0BVLHZu1IxJQKH6xK4/TO2IxEDfYoAfvmbLhBZQY=	\N	f	baranogaemmanuel2018073034	Emmanuel	emmybaranoga@gmail.com	f	t	2025-03-06 10:26:35.698566+02	1998-01-01	\N	M	\N	\N	+250784940177	\N	2018073034	BARANOGA
169	pbkdf2_sha256$870000$VDvBhpePijilfU8bl6yM7J$q9Q4Ao2C9nG3KNZQCfND4UEmpL40bx0KFiQx+k0IZcg=	\N	f	basengimanafaustin2018073035	Faustin	fbasengimana1516@gmail.com	f	t	2025-03-06 10:26:35.705566+02	1994-08-06	\N	M	\N	\N	+250782652214	\N	2018073035	BASENGIMANA
170	pbkdf2_sha256$870000$RsF4DmMQGZXdPhzGVhQCAm$d7sNXTBJh8U4O5VmA2ipJgD7brYa4l755KHlIYCIrhA=	\N	f	dukuzumuremyijeanclaude2018073036	Jean Claude	claudejohn334@gmail.com	f	t	2025-03-06 10:26:35.712771+02	\N	\N	M	\N	\N	+250787389450	\N	2018073036	DUKUZUMUREMYI
171	pbkdf2_sha256$870000$DTIHZD4U0Dru8XkN7GlwaL$XwpqpFkNT55iEhdU2EN327os8Pd6WnJzHINhY8BCH78=	\N	f	habimanagustave2018073037	Gustave	ghabimana10@gmail.com	f	t	2025-03-06 10:26:35.719929+02	1996-02-01	\N	M	\N	\N	+250789159911	\N	2018073037	HABIMANA
172	pbkdf2_sha256$870000$8lxCa6IGzX3upWyBybDTub$6/VMm0ckgBj8+sdo3JBGqldRO+MXFszPKtBNGFH5+Qw=	\N	f	hakizimanacyprien2018073038	Cyprien	chakizimana15@gmail.com	f	t	2025-03-06 10:26:35.727921+02	\N	\N	M	\N	\N	+250780018473	\N	2018073038	HAKIZIMANA
173	pbkdf2_sha256$870000$CHL4r9eWptb9jIArrxkGRb$280607Dt92+Ytg3fp8XbBrpciJGfBbWvBacaW08ECHg=	\N	f	hakizimanajeandedieu2018073039	Jean De Dieu	hjeandedieu011@gmail.com	f	t	2025-03-06 10:26:35.734597+02	1997-06-26	\N	M	\N	\N	+250783395705	\N	2018073039	HAKIZIMANA
174	pbkdf2_sha256$870000$USdNI62vAPV6Rz8PQN65CQ$h/PicQ5u+SVbfc3ULsBC2aryDRkMtbOHqC89lM9e4qo=	\N	f	ishimwechristophe2018073040	Christophe	ishimwechristopher9@gmail.com	f	t	2025-03-06 10:26:35.743597+02	\N	\N	M	\N	\N	+250787408901	\N	2018073040	ISHIMWE
175	pbkdf2_sha256$870000$pGM41q66o7mPN0v4c4d81V$z4X8VgiBOky8uxxN5yy1lraLA+pkRXC1iAapOm6/LCo=	\N	f	ishimwefrancoisfrancois2018073041	Francois	francionishimwe96@gmail.com	f	t	2025-03-06 10:26:35.750959+02	\N	\N	M	\N	\N	+250780428013	\N	2018073041	ISHIMWE Francois
176	pbkdf2_sha256$870000$9uhl2ZTj41xilXFUEtPtSv$ZrVkPWH270IwArD2EUzFUG7vqPHXN3N2QbWC0PLLzfM=	\N	f	mugishamoses2018073042	Moses	\N	f	t	2025-03-06 10:26:35.760958+02	\N	\N	M	\N	\N	+250781088299	\N	2018073042	MUGISHA
177	pbkdf2_sha256$870000$VE1UDsH7ASDkuoi8304HaR$//LB6YUgwlxadXcTDzCS0GYCJDku/wu2MIM9EfHRoIM=	\N	f	ndatiamanaalbert2018073043	Albert	albertndatimana5@gmail.com	f	t	2025-03-06 10:26:35.767961+02	1997-02-04	\N	M	\N	\N	+250785779467	\N	2018073043	NDATIAMANA
178	pbkdf2_sha256$870000$f6zIn2kYjVKgguuoFZU1WR$L5skC6Mypfq9+K7DhKi9E9uS0ix30XVxqIjaDnVGBA4=	\N	f	ndikubwimanaeulade2018073044	Eulade	euladendikubwimana@gmail.com	f	t	2025-03-06 10:26:35.775957+02	1997-01-01	\N	M	\N	\N	+250787465460	\N	2018073044	NDIKUBWIMANA
179	pbkdf2_sha256$870000$hPFmCV9k8dfoCvYp4yu8Hc$GnLWpveQhBpfklYd+982w+RUsaw/F0qhvOPt8Uwsbas=	\N	f	ngabonzizalibens2018073045	Libens	libngabonziza10@gmail.com	f	t	2025-03-06 10:26:35.784751+02	\N	\N	M	\N	\N	+250780587677	\N	2018073045	NGABONZIZA
180	pbkdf2_sha256$870000$RKX40R7cB6CezND5TAp084$xwpDBtUnMl9W4oqCSepmRLe0QlItOxBsLSsfhFy2XcE=	\N	f	rwambonerachristian2018073046	Christian	rwambonerachristian2018@gmail.com	f	t	2025-03-06 10:26:35.793077+02	\N	\N	M	\N	\N	+250785044530	\N	2018073046	RWAMBONERA
181	pbkdf2_sha256$870000$AoGi4R1Of0YwIOl7F7sn9g$X0YPwrrUUKR01dQXN8qfMsWXIeT3D5R3BoSfIAGfRys=	\N	f	tuyisengearsene2018073047	Arsene	tuyisenge.che@gmail.com	f	t	2025-03-06 10:26:35.801766+02	\N	\N	M	\N	\N	+792038495	\N	2018073047	TUYISENGE
182	pbkdf2_sha256$870000$LLVzqf1GKKMQYXWedGv8Pq$sC5qXX2QXuXnewh810kf2vLU7DSADBz5ntLbolVF9QA=	\N	f	uwimanajeanclaude2018073048	Jean Claude	jeanclaudeuwimana0@gmail.com	f	t	2025-03-06 10:26:35.808707+02	1992-01-09	\N	M	\N	\N	+250782173767	\N	2018073048	UWIMANA
183	pbkdf2_sha256$870000$jskwRDH8EjIJK2Fkx7at8i$MnQTajWFTLxfU8LR1e04HL4s8+4+t3Pe5kr0erxhPgU=	\N	f	manderajeanpaul90005	Jean Paul	jeanpaulmandela10@gmail.com	f	t	2025-03-06 10:26:35.816432+02	1991-09-23	\N	M	\N	\N	+256781620114	\N	90005	MANDERA
184	pbkdf2_sha256$870000$1vpSSD9A5lbKGSbcshXzKw$2yb/mEqoQgEpCqLIcWSKzH+y9khS2QFUrVB7iClyVKA=	\N	f	ngaboserge90006	Serge	ngabo.serge65@gmail.com	f	t	2025-03-06 10:26:35.822434+02	1992-09-17	\N	M	\N	\N	+250788280900	\N	90006	NGABO
185	pbkdf2_sha256$870000$ATmEErt2l5ELaKFngBeXFd$8Nyw6pLnQFfNAl0jCJANdwqevX6qaexR3s2Csfv160o=	\N	f	mbabazipascal90007	Pascal	mbabazipascal@yahoo.com	f	t	2025-03-06 10:26:35.831097+02	1992-01-01	\N	M	\N	\N	+250787929541	\N	90007	MBABAZI
186	pbkdf2_sha256$870000$slfmeNcDfFL3HrUPze4ASI$wyYuY4+F+MZTPck9oAPYcXw5PTTooffTzDlHLcVtlJ0=	\N	f	tuyishimemaurice90008	Maurice	ruzimaurice@gmail.com	f	t	2025-03-06 10:26:35.840083+02	1992-09-26	\N	M	\N	\N	+48510382409	\N	90008	TUYISHIME
187	pbkdf2_sha256$870000$34LWPnjgk9fpKp0htmt2Gi$MEaiDiggm87RWF0HQK38XK6m+N8nb6xcArGk08Dkhpk=	\N	f	nteziyaremyecyprien90024	Cyprien	niyo.cyprien@yahoo.com	f	t	2025-03-06 10:26:35.848085+02	1992-05-06	\N	M	\N	\N	+263786270758	\N	90024	NTEZIYAREMYE
188	pbkdf2_sha256$870000$jNtlG26LfHVVZLHpiW8RmT$PfAa6lFp4xTveuxfmFdxI48Xv42mNbe+vJCAaJ5xY9g=	\N	f	musafirialphonse90031	Alphonse	musalpho@gmail.com	f	t	2025-03-06 10:26:35.853044+02	1991-05-06	\N	M	\N	\N	+250787475370	\N	90031	MUSAFIRI
189	pbkdf2_sha256$870000$IVCr0UxfK1fS2MTCSAPECR$GEqQEI4kmkUQH6ZkrDoB5T6OF3u0JNOvXiW3wG6DTPg=	\N	f	bahiziemmanuel90034	Emmanuel	emmankundunkundiye@gmail.com	f	t	2025-03-06 10:26:35.8605+02	1991-09-25	\N	M	\N	\N	+250788316005	\N	90034	BAHIZI
190	pbkdf2_sha256$870000$tyfWXiCmgXfhkHHQEBawZE$zvgsuCIv9J787ADS3K7jGWQuuz07vROzmBQqEJ3uM+U=	\N	f	irambonasamuel90040	Samuel	irambonasam@gmail.com	f	t	2025-03-06 10:26:35.86856+02	1992-01-01	\N	M	\N	\N	+250781405173	\N	90040	IRAMBONA
191	pbkdf2_sha256$870000$FDtw7qUbeYmfSDB9WPxawz$HJ+I99ppQXcz9LGqPPieWez0KcL0rTXfD9ALEpjOCaw=	\N	f	muligojeanclaude90048	Jean Claude	petitco05@gmail.com	f	t	2025-03-06 10:26:35.87491+02	1991-01-01	\N	M	\N	\N	+250784366086	\N	90048	MULIGO
192	pbkdf2_sha256$870000$1eQVvJ9ygs00oPhAEDcwTH$eblxWSDHjL/te1XnT+g2wUVYuljrU5VVbEmdPmyZ8F0=	\N	f	muligomalachie90051	Malachie	muligom@gmail.com	f	t	2025-03-06 10:26:35.882884+02	1990-05-15	\N	M	\N	\N	+781973782	\N	90051	MULIGO
193	pbkdf2_sha256$870000$AA5HUjRqHQyuiQfbQp0yuM$/guwwtdJQYFSgMxnBsMP60vHqQ8fbFuMxrbDtu2X628=	\N	f	kagamejean90057	Jean	jean.kagame@mail.mcgill.ca	f	t	2025-03-06 10:26:35.890138+02	1991-06-03	\N	M	\N	\N	+14389233242	\N	90057	KAGAME
194	pbkdf2_sha256$870000$oMCqpK6bwTpoyZUG5KqBpc$G+QuB2ieeXKcSb+OIEeU6GQVXN8wM8s3JoYDF0wdWDk=	\N	f	ndungutseemmunuel90058	Emmunuel	ndungutsemma123@gmail.com	f	t	2025-03-06 10:26:35.897871+02	1991-08-26	\N	M	\N	\N	+250782480366	\N	90058	NDUNGUTSE
195	pbkdf2_sha256$870000$Z35b8yuw5lblAgkbl88pVR$lFBi8dev/8Fsx3H/12k/doo1bXuT5vg1RFhBetbr9Ks=	\N	f	mbonigabarene90059	Rene	mbonigabarene@gmail.com	f	t	2025-03-06 10:26:35.906257+02	1992-02-10	\N	M	\N	\N	+250788397453	\N	90059	MBONIGABA
196	pbkdf2_sha256$870000$RUQqNwK9F8kQd1ARKY9qOW$YkIrOprgwbynyIncXKLkZisGmkN0eSUcZmeH7w44T7E=	\N	f	mutanganajustin90060	Justin	justin@asyv.org	f	t	2025-03-06 10:26:35.914258+02	1992-07-16	\N	M	\N	\N	+250784459580	\N	90060	MUTANGANA
197	pbkdf2_sha256$870000$iKpBWJdLOvFJ0qSFu2HSse$oto6ZW3mzuPZcCRaxM7/i6usYee/06V93brbCj227tU=	\N	f	ishimweasiimwefred90125	Fred	\N	f	t	2025-03-06 10:26:35.92229+02	1991-06-12	\N	M	\N	\N	+256786146999	\N	90125	ISHIMWE ASIIMWE
198	pbkdf2_sha256$870000$cjktO75InoILjhglHHmrNy$fyLRtIi0/OSPmOm4dG6v9tlFOeNBhUncd1NJwsbk3nI=	\N	f	buteraicyezamariechantal102065	Marie Chantal	buteram.chantal100@gmail.com	f	t	2025-03-06 10:26:35.930247+02	1996-07-02	\N	F	\N	\N	+250789203850	\N	102065	BUTERA ICYEZA
199	pbkdf2_sha256$870000$DYIUNex3VPS2FPdcJ5cB5a$+AbUk47HkOb50vEBxCNjI3s/QParawpHViDeWxqeDuU=	\N	f	irebeangebernise102074	Ange Bernise	irebeangebernice@gmail.com	f	t	2025-03-06 10:26:35.938769+02	\N	\N	F	\N	\N	+250780375783	\N	102074	IREBE
200	pbkdf2_sha256$870000$Zlq9x2VaYbw0cuoMZRNRTW$bNr01L4pgPjs0Bs9aayeG3FCBI3YmZAPDLI7+M8xqnc=	\N	f	uwimpuhwegermaine102095	Germaine	g.uwimpuhwe@setonhill.edu	f	t	2025-03-06 10:26:35.948525+02	\N	\N	F	\N	\N	+4443	\N	102095	UWIMPUHWE
201	pbkdf2_sha256$870000$QLCwwPMzOHHHZlX9z3jsJh$EnhOWrUOQVDIk1n12S+5TmJuiUnmh52bIqZpdATrQck=	\N	f	muhorakeyeanysie102102	Anysie	anysie.muhorakeye@gmail.com	f	t	2025-03-06 10:26:35.958584+02	\N	\N	F	\N	\N	+250783886430	\N	102102	MUHORAKEYE
202	pbkdf2_sha256$870000$6x7KuZp7MyLP8234dyWIkk$3XF/E5Y9KAyAGnWUlUxkWae/vQ7soNJBdBqKqTu5EJQ=	\N	f	namahirwebetty102108	Betty	namahirwe.betty@gmail.com	f	t	2025-03-06 10:26:35.965581+02	\N	\N	F	\N	\N	+250788209758	\N	102108	NAMAHIRWE
203	pbkdf2_sha256$870000$VVAd8UUu6QJe6qzKGE2Cvk$3zBB2KjFLTEuL1+14prBBK/FuqXn1/sgHrIrBBRoEhM=	\N	f	niyomugabaernestine102109	Ernestine	niyomugabaernestine@gmail.com	f	t	2025-03-06 10:26:35.973287+02	\N	\N	F	\N	\N	+250789909035	\N	102109	NIYOMUGABA
204	pbkdf2_sha256$870000$FNxipCF4x7ez4SF5mk7j3l$ZpmI6jgWuxw6cNWCkTSqPRBmbHVsrMCA8zQ68+JEBeo=	\N	f	umuhozamariejustine102119	Marie Justine	deceased	f	t	2025-03-06 10:26:35.982284+02	\N	\N	F	\N	\N	+	\N	102119	UMUHOZA
205	pbkdf2_sha256$870000$FonzHqkTUOPfGAens5yOng$Y14GbYML0uouzWWPyN/m2ImrnY8VrrvX83Df5QqFPVk=	\N	f	uwasedelphine102121	Delphine	uwasedelphine1@gmail.com	f	t	2025-03-06 10:26:35.989328+02	\N	\N	F	\N	\N	+250780787920	\N	102121	UWASE
206	pbkdf2_sha256$870000$wDOGLXbvI31NolwyR7irto$gLw1kMZ8Qly2lZyL1rTHvTPkoQxMGbkp0mSJD7gTxnE=	\N	f	mukeshimanadenyse102140	Denyse	mukeshimanadenyse1@gmail.com	f	t	2025-03-06 10:26:35.998436+02	\N	\N	F	\N	\N	+250723740607	\N	102140	MUKESHIMANA
207	pbkdf2_sha256$870000$D9PyQMV0gEye1PStvHQQMW$a3Tq1PweivIdy71kivx/xBXfOVf+mHJlDXyX8GzueN4=	\N	f	niyonsabaclementine102144	Clementine	clementineniyonsaba1@gmail.com	f	t	2025-03-06 10:26:36.005814+02	\N	\N	F	\N	\N	+250787697484	\N	102144	NIYONSABA
208	pbkdf2_sha256$870000$3NjxiyDtQY7JxmIdzdaBY2$dfARgO9MV7zNvpbGmKhT4kveOemLme9lXSm2vRpYfYM=	\N	f	uwimanaflorence102156	Florence	fuwimana320@daviscollege.com	f	t	2025-03-06 10:26:36.012813+02	1997-10-11	\N	F	\N	\N	+250784831392	\N	102156	UWIMANA
209	pbkdf2_sha256$870000$fkLYiNOCbtY0I0za7W1KkM$KbrDiqmX++444AA7bLaM/5b6A08b3w5uKokkfJVDeYQ=	\N	f	ishimwediane102163	Diane	dishimwe05@gmail.com	f	t	2025-03-06 10:26:36.018856+02	\N	\N	F	\N	\N	+250784234077	\N	102163	ISHIMWE
210	pbkdf2_sha256$870000$qhfKkcsbOfAKlLkWFwIBYq$bFvFMX7Z30tChTHIrxectxs4vd+Q4DMiqMJ54VP7GI0=	\N	f	mukamanziclaudette102168	Claudette	claudette1155@gmail.com	f	t	2025-03-06 10:26:36.024836+02	1997-12-10	\N	F	\N	\N	+250780595342	\N	102168	MUKAMANZI
211	pbkdf2_sha256$870000$niw0SETa6uMKWMeGv8lFQa$n/faC6Ws85SHXRWy7Le3bPSQZrrJgy3A5fec7MTmSvc=	\N	f	tuyishimeclementine102183	Clementine	clementine1995january@gmail.com	f	t	2025-03-06 10:26:36.034471+02	\N	\N	F	\N	\N	+971588616206	\N	102183	TUYISHIME
212	pbkdf2_sha256$870000$70pVuNZ1FNm28mrUwKTWfl$NYZPNP8NrUeF2/RCAIPHLcoqtZuYYMXo6ii9rzPKH/s=	\N	f	umuhozaalice102186	Alice	umuhozaalice2017@gmail.com	f	t	2025-03-06 10:26:36.043473+02	1996-01-01	\N	F	\N	\N	+250781786929	\N	102186	UMUHOZA
213	pbkdf2_sha256$870000$wusY4eqAn9Kjivc7fR8Esl$qczkX0pfdwWemk8yYIFC9mtSgsk0hn8EjXDpmaNRyE0=	\N	f	uwababyeyisylvine102187	Sylvine	uwababyeyisylvine30@gmail.com	f	t	2025-03-06 10:26:36.05195+02	\N	\N	F	\N	\N	+250781279864	\N	102187	UWABABYEYI
214	pbkdf2_sha256$870000$AP8cdZXruDP4nZU20B35Wl$DkiaWclRxNBhPMnUxmk5Q7bGw7JQUWeZZk6iH+G1dV0=	\N	f	mutegwarabahonorine101810	Honorine	mbaduko00@gmail.com	f	t	2025-03-06 10:26:36.061758+02	1994-12-15	\N	F	\N	\N	+250727807926	\N	101810	MUTEGWARABA
215	pbkdf2_sha256$870000$iIRAEfm9kwmMIAhsFkZDOo$/OcA3fh7LrUcxACwoYIg27wOYhCJMWjMlQogIjR29YU=	\N	f	uwamahororosette101822	Rosette	rukerarose@gmail.com	f	t	2025-03-06 10:26:36.068849+02	1995-02-02	\N	F	\N	\N	+250782624619	\N	101822	UWAMAHORO
216	pbkdf2_sha256$870000$vTzZn8Q5Nj0xSzHcfsQhir$KDvOi8Pg2s4M3CG+vCsue3fpVREgfkiKSYReuRXpOAM=	\N	f	uwamahoroyvette101823	Yvette	smithalicia556@gmail.com	f	t	2025-03-06 10:26:36.076005+02	1994-04-15	\N	F	\N	\N	+250786048837	\N	101823	UWAMAHORO
217	pbkdf2_sha256$870000$68KppwPLG8jFtdnSfjUoQ8$tC+kdtmBmwcqSZYFfkO4MLsc1r79fLClL4wmn3E1yTQ=	\N	f	uwimanagrace101825	Grace	graceuwimana@outlook.com	f	t	2025-03-06 10:26:36.084439+02	1994-07-07	\N	F	\N	\N	+250782123209	\N	101825	UWIMANA
218	pbkdf2_sha256$870000$LLhsFzKXPmBtD6cFJU7v2Z$SYKYxUDabPSVIa+dBX6Rskd1oXoeQnAhd53YLD5aR28=	\N	f	abizeYouth Impact Missionanayvette101829	Yvette	yvettelena@gmail.com	f	t	2025-03-06 10:26:36.089409+02	1994-04-16	\N	F	\N	\N	+50684463439	\N	101829	ABIZEYouth Impact MissionANA
219	pbkdf2_sha256$870000$2t5FoT3yjxMDuzRgd30tbY$5aWC7tsE+e3sWYs3yI2TnpVwoq6NkTp9k1qPh4j9eXU=	\N	f	kampirejoselyne101838	Joselyne	kampirejoselyne@gmail.com	f	t	2025-03-06 10:26:36.098223+02	1994-11-21	\N	F	\N	\N	+250787924489	\N	101838	KAMPIRE
220	pbkdf2_sha256$870000$CcPW3dteIHvCG0DRkhjsZT$lBfdkUmcG07NaLSl9ggOatlggi6hPb8hYzrVjdx9qzQ=	\N	f	niyonkuruathanasie101847	Athanasie	athanasieniyonkuru@gmail.com	f	t	2025-03-06 10:26:36.107188+02	1994-11-07	\N	F	\N	\N	+250728763443	\N	101847	NIYONKURU
221	pbkdf2_sha256$870000$im6rTJG7zBWusu92pvkKtA$lYD9vyDkFrKZswcey8LT69cTRg6W/zqtuKOJZofUj3w=	\N	f	umubyeyieunice101854	Eunice	euniceumubyeyi97@gmail.com	f	t	2025-03-06 10:26:36.118862+02	1997-01-03	\N	F	\N	\N	+14846338468	\N	101854	UMUBYEYI
222	pbkdf2_sha256$870000$jVmubAMxqCj3HnLvKQPmM4$jdkMSgZtY73kFYj1KGwjAR732PIbGlJ7lZRBnWJqqi8=	\N	f	umutoniwasenicole101856	Nicole	numutoniwabo@yahoo.com	f	t	2025-03-06 10:26:36.128873+02	1995-04-28	\N	F	\N	\N	+250785285298	\N	101856	UMUTONIWASE
223	pbkdf2_sha256$870000$v179GG4VK5GNiEkB5rZLD8$RCsH56P7OEC7pOTVKiseqqbg4nbNS7Pfj80qC4pXl0M=	\N	f	dushimilimanagerouline101861	Gerouline	dgerouline@yahoo.com	f	t	2025-03-06 10:26:36.133795+02	1995-07-15	\N	F	\N	\N	+250781896524	\N	101861	DUSHIMILIMANA
224	pbkdf2_sha256$870000$xyORZU33peSTgOv8vandlH$adKtCyjzdmLHKBhecGzwCz/SkakHn5uewN1HZlDWBbo=	\N	f	niyonagizedative101877	Dative	\N	f	t	2025-03-06 10:26:36.141802+02	1995-01-01	\N	F	\N	\N	+250782058100	\N	101877	NIYONAGIZE
225	pbkdf2_sha256$870000$DrKVgMktfMpJ66wwXTUuM9$sY0sTzbEJJpvCnUPk/f3uDGmWagY2W25ZEA0slTSMXs=	\N	f	uwamahorograce101887	Grace	uwasifiwegrace01@gmail.com	f	t	2025-03-06 10:26:36.149578+02	1995-04-04	\N	F	\N	\N	+250725415297	\N	101887	UWAMAHORO
226	pbkdf2_sha256$870000$TDTAl8ApONTOkoE6YIM6HS$4gI359DTp+yUMJutXBO85g3EzPxe4zPjensgRlFrGWs=	\N	f	byukusengehonorine101894	Honorine	safari2honorine@gmail.com	f	t	2025-03-06 10:26:36.157285+02	1994-07-03	\N	F	\N	\N	+250726836315	\N	101894	BYUKUSENGE
227	pbkdf2_sha256$870000$0cRKhDftpeUgzwaFzuXvnl$/By2UmpIWwqw6LDDSm8xTks0efShlwBspvHR/MjuPsk=	\N	f	umutoniwasenoella101915	Noella	rihannoel@yahoo.com	f	t	2025-03-06 10:26:36.164998+02	1995-12-25	\N	F	\N	\N	+250783706634	\N	101915	UMUTONIWASE
228	pbkdf2_sha256$870000$vPVstPGi53k4OH8CmPdZFH$bbwxnQeIs8IZrCDH+GbQ/Ctw+V2TUNJUFtcGEIG1Wjc=	\N	f	uwamahoroaline101917	Aline	uwamahoroaline87@yahoo.com	f	t	2025-03-06 10:26:36.175931+02	1995-12-18	\N	F	\N	\N	+250728395628	\N	101917	UWAMAHORO
229	pbkdf2_sha256$870000$tX0eMHqZflwz20WxGKMcpG$Qo1EStCqShIdhm0YpsRjpMdGBPaaHk9mNtEFYEYVdws=	\N	f	uwasediane101920	Diane	uwasevickydiane@gmail.com	f	t	2025-03-06 10:26:36.184983+02	1995-05-31	\N	F	\N	\N	+250787575301	\N	101920	UWASE
230	pbkdf2_sha256$870000$xqDNYDQpWa6HwZXoFtVXRm$iMEBxzf9dlfVnb86r8cxbh8Bfq2s+5Zb4OFpOfpWXp4=	\N	f	kayigirwafideline90063	Fideline	\N	f	t	2025-03-06 10:26:36.194928+02	1991-01-01	\N	F	\N	\N	+250781104495	\N	90063	KAYIGIRWA
231	pbkdf2_sha256$870000$94FPUAd7jGyQ6geQUEAyer$MIkkF+KMLELdwehK2+WIJ48iT04KR9cMwIiNzEUTw/U=	\N	f	uwantegesylvia90064	Sylvia	uwsylvia@gmail.com	f	t	2025-03-06 10:26:36.201664+02	1992-04-13	\N	F	\N	\N	+250786995119	\N	90064	UWANTEGE
232	pbkdf2_sha256$870000$EBQPoqU1ALX6bTiJG9pK3K$BEIt6MyhTAuFs+8wM9zwBJyJYSBcsRv4AV4KUJ/j/fY=	\N	f	umuhozamartine90065	Martine	westinny02@gmail.com	f	t	2025-03-06 10:26:36.210728+02	1992-01-30	\N	F	\N	\N	+250787475283	\N	90065	UMUHOZA
233	pbkdf2_sha256$870000$Rzjh5jKcDjKQBLvbg3bUMr$dJqmfzRKS4AjWa2GqCrxgd2sk16ldZ8JwRc4qNST5Wo=	\N	f	umutonigrace90066	Grace	grace umutonigrace090@gmail.com	f	t	2025-03-06 10:26:36.219798+02	1992-05-06	\N	F	\N	\N	+250788334581	\N	90066	UMUTONI
234	pbkdf2_sha256$870000$U16ZrxZjz1nEBNZxTuwSA1$RjzeUZgrJ2IF4HvFuL9mvWN/sk7zIlE+0mgnXTTp1jo=	\N	f	umutesiassoumpta90067	Assoumpta	mutesiassumpta@gmail.com	f	t	2025-03-06 10:26:36.231909+02	1992-01-01	\N	F	\N	\N	+16822630233	\N	90067	UMUTESI
235	pbkdf2_sha256$870000$ym8Rpvy6Xh6g4aj3Q7s6Ws$mXxi1aIkbMH+HiCkn/JAwiYaMIZt5yKvA/4JUAIzce4=	\N	f	mushimiYouth Impact Missionanarosette90068	Rosette	rosettemushimiyouth impact missionana@yahoo.fr	f	t	2025-03-06 10:26:36.240905+02	1992-05-06	\N	F	\N	\N	+16824071780	\N	90068	MUSHIMIYouth Impact MissionANA
236	pbkdf2_sha256$870000$P5uxWcHAhOLUcFn4UA2g9z$WTCOk5fDdlizLJsrjg7cc0HlagDO8HXS1DGm4RWfDnU=	\N	f	benemariyahyacinthe90070	Hyacinthe	macinthe1@yahoo.com	f	t	2025-03-06 10:26:36.249913+02	1992-05-06	\N	F	\N	\N	+250789632133	\N	90070	BENEMARIYA
237	pbkdf2_sha256$870000$rRbdiHd5gWfLBEEIcn4OhM$K7LU9L2UAX23v+dMn+kFelSzjPYE/XA/R1NKdsQaRSE=	\N	f	umutonialinelamielle90071	Aline Lamielle	\N	f	t	2025-03-06 10:26:36.256912+02	1992-01-01	\N	F	\N	\N	\N	\N	90071	UMUTONI
238	pbkdf2_sha256$870000$CusrR1x041kKzvo7REovKx$aIL1A2euR9lhadGOlo/eeV1U2Urnl+Vm/m4W8QFgpsY=	\N	f	shemagorethi90072	Gorethi	shemagorethi@gmail.com	f	t	2025-03-06 10:26:36.263911+02	1992-05-07	\N	F	\N	\N	+250783710054	\N	90072	SHEMA
239	pbkdf2_sha256$870000$pw4s35dJw1mZkU6MOGcAok$opUjexwMM28uc8PbzC/ym6P3oBIm3sUFIEW2J/E3neE=	\N	f	nyirantunganedivine90074	Divine	dnyirantungane@gmail.com	f	t	2025-03-06 10:26:36.27091+02	1991-04-15	\N	F	\N	\N	+250785513126	\N	90074	NYIRANTUNGANE
240	pbkdf2_sha256$870000$8gD6MXYhVlB0mDdMhISesE$Jsnyaf5FqdvAjzfXSzorHvokneXAICgH7Y0P0S3JJOk=	\N	f	furahajeannette90075	Jeannette	furaha12@gmail.com	f	t	2025-03-06 10:26:36.278964+02	1992-05-07	\N	F	\N	\N	+250783181734	\N	90075	FURAHA
241	pbkdf2_sha256$870000$e3Yb4uZ9lzFkbjos4E8hjp$HdA9YHpZ3NsAfitjtltiQwEwTUhUbhMADPIV1a6yKjY=	\N	f	mukarutesijacqueline90077	Jacqueline	carinea07@gmail.com	f	t	2025-03-06 10:26:36.286839+02	1991-01-01	\N	F	\N	\N	+250789288837	\N	90077	MUKARUTESI
242	pbkdf2_sha256$870000$Fvdgr7FRuCc7VJQ5yDolDB$3t5DNg1G2LLSqh7Cgw25iNRrWC7Y+M7qMNWtP2DbVJU=	\N	f	mukandamagehope90079	Hope	mukandamagehope38@gmail.com	f	t	2025-03-06 10:26:36.294835+02	1992-01-01	\N	F	\N	\N	+250781209057	\N	90079	MUKANDAMAGE
243	pbkdf2_sha256$870000$ovtdrv4DV0hHvNtanpV2aa$9hUk0xj2Qd5wuDZeL7fCn64g2fOpK455ixrIvbV/Dcc=	\N	f	tuyambazedevothe90082	Devothe	devotha-tuyambaze@asyv.org	f	t	2025-03-06 10:26:36.303288+02	1993-01-01	\N	F	\N	\N	+250782715476	\N	90082	TUYAMBAZE
658	pbkdf2_sha256$870000$qSW0ZI6bXsci17LTBqiZ8O$/QzvIoH5bjLhTtTW7K+W7bhVEiFQw8oORXbm2Ig7Wkc=	\N	f	mugabomaurice20223	Maurice	mauriceblessed@live.com	f	t	2025-03-25 10:40:56.960581+02	1994-05-01	\N	M	\N	\N	+250785390426	\N	20223	MUGABO
659	pbkdf2_sha256$870000$NaiGjn39rcg7WIRpQ7ZAY1$uc+jXyWwORMhmBlXB1dhPYuQ9z3CTB0+hXD7OiXhlIc=	\N	f	mugabodesire101774	Desire	desiremugabo3@gmail.com	f	t	2025-03-25 10:40:56.971576+02	1994-03-15	\N	M	\N	\N	+250785100168	\N	101774	MUGABO
660	pbkdf2_sha256$870000$H037GugdRtCAFbnYjQjaTX$nuMkwAH+Qh/Kb9kozmUzeHFn22FsqvhKx5HKKamYebM=	\N	f	ngabonzizavivens20200	Vivens	ngabonzizavivens20200@gmail.com	f	t	2025-03-25 10:40:56.979468+02	1995-01-20	\N	M	\N	\N	+1111111111	\N	20200	NGABONZIZA
661	pbkdf2_sha256$870000$fwy1Cu4GI2iS3gIyaZ4GoL$fa0uD24l+qlFf13ImXaDyRRPjj4CKgC3xPkZWdHN5kQ=	\N	f	nkurunzizajeanbaptiste20202	Jean Baptiste	nkurunziza.baptiste@yahoo.com	f	t	2025-03-25 10:40:56.988458+02	1994-01-01	\N	M	\N	\N	+250787756520	\N	20202	NKURUNZIZA
662	pbkdf2_sha256$870000$CCMRw7091Gr5JaCIzTIA8h$Ub9hXpOanIH0ONqhyzjiuQEZTi/uzznUDiDWRlsE42A=	\N	f	nsanzimanavladimir20204	Vladimir	nsanzevladimir@gmail.com	f	t	2025-03-25 10:40:56.998464+02	1994-04-14	\N	M	\N	\N	+18324385828	\N	20204	NSANZIMANA
663	pbkdf2_sha256$870000$oPsRNqoTTusPqedOX1d5LV$Wn9cqPU6DOdVe8/Kj5Oh5pxzQrQ19WgG/NOLchVXkkM=	\N	f	nsengiyaremyeandre20218	Andre	nsengaandre2020@gmail.com	f	t	2025-03-25 10:40:57.009421+02	1993-06-11	\N	M	\N	\N	+250781145711	\N	20218	NSENGIYAREMYE
664	pbkdf2_sha256$870000$5xeF2FHsbO4KP5iaPHprKM$QvlIgZfM3FJAH0RCj+sNpWEBDSrhUtl/mfWXfjiFvl8=	\N	f	NSHIMIYIMANA	Dieudonne	nshimiyimanadieudon@gmail.com	f	t	2025-03-25 10:40:57.019933+02	1993-03-02	\N	M	\N	\N	+250786329475	\N	20220	NSHIMIYouth Impact MissionANA
665	pbkdf2_sha256$870000$rRj4MONrJGFa9x4Az67Xvr$2zsDQqXayp6ubc5AfeL3G0OdP59ln8TN9LAC29MNm30=	\N	f	nzabintwarigentilarsene20207	Gentil Arsene	gentilars@gmail.com	f	t	2025-03-25 10:40:57.029817+02	1994-05-20	\N	M	\N	\N	+250781712176	\N	20207	NZABINTWARI
666	pbkdf2_sha256$870000$lq31q9nxKZvimJdKXsvrOK$MEwb3QhzYHDAxJgKUwgved3wMEsLWNbF2QA0dS/tg5c=	\N	f	rubayitapatrik20234	Patrik	prubayita@gmail.com	f	t	2025-03-25 10:40:57.038777+02	1994-03-17	\N	M	\N	\N	+250781636349	\N	20234	RUBAYITA
667	pbkdf2_sha256$870000$92NrnX7Jyi0YRRVnKlFOF7$9fwpPpjMXsH0JnhvIQEkozMvrfb2LyBUmDLvrN8XYQo=	\N	f	tuyishimirenoah20210	Noah	noahtuyishimire@gmail.com	f	t	2025-03-25 10:40:57.047838+02	1993-01-01	\N	M	\N	\N	+250783634774	\N	20210	TUYISHIMIRE
668	pbkdf2_sha256$870000$dPLUXzOPNZfxljVevJkc2Y$qp4BeVE5Rsilk1NS/u+4t1W9QfFsoMfpVz3PtA2c6HQ=	\N	f	twagirayezuleonard20214	Leonard	leonard.twagirayezu@yahoo.com	f	t	2025-03-25 10:40:57.058838+02	1993-01-01	\N	M	\N	\N	+250788409181	\N	20214	TWAGIRAYEZU
669	pbkdf2_sha256$870000$IoDHdvWtd4uCxoOYEzLAFa$dw+eft9Y/lWK6Mli6j6xvM/+MFOCqn+Ht5XdLYGN9vY=	\N	f	uhoranishemabenny20236	Benny	bennyuhoranishema@gmail.com	f	t	2025-03-25 10:40:57.068859+02	1994-01-17	\N	M	\N	\N	+250781681332	\N	20236	UHORANISHEMA
670	pbkdf2_sha256$870000$b73EZj53AcvRP2LJWR8yax$0AG9cSdDO8TN+8gC/qeUnsR5MOEOXbegA+3Gx0AQLqY=	\N	f	diamantjustin90056	justin	diamant@gmail.com	f	t	2025-03-25 10:40:57.077883+02	1992-09-26	\N	F	\N	\N	+250782712397	\N	90056	DIAMANT
671	pbkdf2_sha256$870000$I1PaQ4U2CYa3UVBAtVuL31$OzYoojK8/UDXcRFhm7DZLm50NST0PsiIiHU0t6OxhfU=	\N	f	ingabirejeannine90049	Jeannine	jeanineingabire29@gmail.com	f	t	2025-03-25 10:40:57.087851+02	1992-01-01	\N	F	\N	\N	+250783407673	\N	90049	INGABIRE
672	pbkdf2_sha256$870000$pHvSUqSqD5ioIsAj7juWcz$wVg8lCxA+4PXp8gIIVVdo92YNPY7F0Q7/+Lu7KS23L8=	\N	f	mujawimanaesperance90046	Esperance	esperancemujawimana1@gmail.com	f	t	2025-03-25 10:40:57.095904+02	1990-05-08	\N	F	\N	\N	+250783645897	\N	90046	MUJAWIMANA
673	pbkdf2_sha256$870000$0A5MG6FGQZzV4cLWvXNXQy$xglaLln20lvK/bYLUHNsINgWAOBS8tbghd6C7cwCEPM=	\N	f	mukashyakabeatrice90053	Beatrice	mukashyakabetty8@gmail.com	f	t	2025-03-25 10:40:57.103868+02	1990-01-11	\N	F	\N	\N	+250785274013	\N	90053	MUKASHYAKA
674	pbkdf2_sha256$870000$WAQEJHkXBViNrIeYN8Eq1U$b9AJ2odU/nnbOG1BiNHI3aomM5sOs+NUEwa65qxIPLg=	\N	f	mukeshimanarose90041	Rose	umwizatetarose@gmail.com	f	t	2025-03-25 10:40:57.111856+02	1991-01-01	\N	F	\N	\N	+250782787794	\N	90041	MUKESHIMANA
675	pbkdf2_sha256$870000$rNzw7SqAUgdjqf28yYrwyR$wznnq3LZJ74MzGEWexELfGwzrJbGzwAKcUkvlrpROYw=	\N	f	mukeshimanaclementine90043	Clementine	clementine mukeshimanadenyse1@gmail.com	f	t	2025-03-25 10:40:57.120915+02	1991-08-28	\N	F	\N	\N	+250787319639	\N	90043	MUKESHIMANA
676	pbkdf2_sha256$870000$nP5HVQ0RFgPIuHKF2zUfKa$Vjs+YlYbe6nfKDZqNNdqbAIYKtTiuW2b+i+0DhKOBpI=	\N	f	niyonsengabenissa90042	Benissa	nbenissa275@gmail.com	f	t	2025-03-25 10:40:57.131916+02	1991-08-20	\N	F	\N	\N	+250785608836	\N	90042	NIYONSENGA
677	pbkdf2_sha256$870000$gx3jKCEYu6dVpbKPl4ZOXf$Me/axhteyhGsHVelV3eejhuQlPEMEjzE9eZ+mTBmk8U=	\N	f	nyakezaaimeebelyse90044	Aimee Belyse	nyakezaaimeebelyse90044@gmail.com	f	t	2025-03-25 10:40:57.141558+02	1993-01-01	\N	F	\N	\N	+250782188891	\N	90044	NYAKEZA
678	pbkdf2_sha256$870000$TidR4K3NXaQB0lks8ormiD$HUyNKQnYVNA+2fHiJvHF6wgr9XRJHoL47YcldvhVhis=	\N	f	nyiramuhiredenyse90054	Denyse	dnyiramuhire@yahoo.fr	f	t	2025-03-25 10:40:57.149499+02	1991-05-06	\N	F	\N	\N	+250784449955	\N	90054	NYIRAMUHIRE
679	pbkdf2_sha256$870000$60KuHfs17PPHG6nWKa4nTn$5NilOfY+LSiVLC09ZxJO/YXFs3zlhjqfpZWoSsauPpM=	\N	f	sinayobyeassumpta90047	Assumpta	sinayobyea@yahoo.com	f	t	2025-03-25 10:40:57.159494+02	1992-08-15	\N	F	\N	\N	+250728292885	\N	90047	SINAYOBYE
680	pbkdf2_sha256$870000$muvjwRgy6gWx0awzQuNWZq$87JrSphTC2U3tIpIKFeqJEqACPtUqTu1lmn9Jsintmc=	\N	f	uwamariyaclaudine90055	Claudine	djaliamark@gmail.com	f	t	2025-03-25 10:40:57.165605+02	1991-10-12	\N	F	\N	\N	+250788588575	\N	90055	UWAMARIYA
681	pbkdf2_sha256$870000$vHqAsoo31mJDzZESYgRodu$Lts+7OBAa6splxlyLvHxO3U3TIRvABvwdcwp0eN2/rI=	\N	f	uwamweziaisha90062	Aisha	aishanwa2020@yahoo.com	f	t	2025-03-25 10:40:57.173548+02	1990-02-15	\N	F	\N	\N	+250785775694	\N	90062	UWAMWEZI
682	pbkdf2_sha256$870000$Dg1SBIwEIBW00t8iO2JZ4X$fqtEF0iXWx9scq1wVPVuqJJizCNyFLUGhFBuomsXZ4c=	\N	f	uwizeyemediatrice101770	Mediatrice	uwizeye mediatriceuwizeye@yahoo.com	f	t	2025-03-25 10:40:57.17854+02	1992-09-22	\N	F	\N	\N	+250785750233	\N	101770	UWIZEYE
683	pbkdf2_sha256$870000$Y9OEn2Xs3sJp0g187wgnew$whgpm+Z40jVSqVZ5HFyuJEf2yd6hKdygr0vu7xhtnqM=	\N	f	uwizeYouth Impact Missionanajacqueline90052	Jacqueline	jackie.bagwiza@gmail.com	f	t	2025-03-25 10:40:57.186545+02	1991-01-01	\N	F	\N	\N	+15145833374	\N	90052	UWIZEYouth Impact MissionANA
684	pbkdf2_sha256$870000$Pq4iogcAZp0S9R9YGHB813$c70r48CZgdd9nTjq+VKF/BiWx+ezC2o9MNQH1t2HG4I=	\N	f	gasanamignonne20117	Mignonne	mgasana@gmail.com	f	t	2025-03-25 10:40:57.194549+02	1994-10-16	\N	F	\N	\N	+250783963674	\N	20117	GASANA
685	pbkdf2_sha256$870000$ivpIrwAIzV89c3iZY2ceAo$/JBlKzmlSAVzqv2TNLWi8Acynxk5VacEeSC+TCkWa+g=	\N	f	gwizarosine20181	Rosine	rosinegwiza1@gmail.com	f	t	2025-03-25 10:40:57.203821+02	1994-02-18	\N	F	\N	\N	+250783726223	\N	20181	GWIZA
686	pbkdf2_sha256$870000$l0PZsOCvyyOGLUkL3pGlLn$mbsO3kocX4pSgAQn7LDv9cenP4B0erjHemXkH3ONxMw=	\N	f	imanizabayoaline20164	Aline	alinearrene3@gmail.com	f	t	2025-03-25 10:40:57.212819+02	1993-01-01	\N	F	\N	\N	+250788996478	\N	20164	IMANIZABAYO
687	pbkdf2_sha256$870000$CKv5QYf62ig4js3K6kiEBw$XrTIi4wMghIbXb6jU0cJUg1taSSr2mWTIJG3teUIoEI=	\N	f	ingabireemelyne20183	Emelyne	ingabireemeline7@gmail.com	f	t	2025-03-25 10:40:57.221826+02	1993-01-15	\N	F	\N	\N	+250782464403	\N	20183	INGABIRE
688	pbkdf2_sha256$870000$4s3ToSIKpi4wyFhSXuxWVC$gGXKBO62NfpCYNtbspcoiDnJ03ZjwQ6luqRAwqrUti0=	\N	f	irakozeusher20113	Usher	irakozeusher@ymail.com	f	t	2025-03-25 10:40:57.230827+02	1995-08-28	\N	F	\N	\N	+250787687185	\N	20113	IRAKOZE
689	pbkdf2_sha256$870000$iCLyv06x26cXqcq3gYYd5p$r4Hhz7YObqXH0rVchTUm+/A9pl1Z5XK3ZbWM4GhMLbI=	\N	f	masengeshom.clarisse20123	M. Clarisse	edi.clarisse@yahoo.com	f	t	2025-03-25 10:40:57.241797+02	1994-05-16	\N	F	\N	\N	+250786586039	\N	20123	MASENGESHO
690	pbkdf2_sha256$870000$rYiiH5bS4ApIR8dNDGhjwW$Iciiq6Bxd6SgtJYxuaZ40Zc4GCj/jlxB68ISmvkgEu4=	\N	f	mugungauweram.alice20188	M. Alice	mugungalicem@gmail.com	f	t	2025-03-25 10:40:57.25383+02	1993-05-13	\N	F	\N	\N	+250785973300	\N	20188	MUGUNGA UWERA
691	pbkdf2_sha256$870000$v7EaSbpm2Uhy6XXXWc8d9m$v17hCPaOGL8ftzMZiCVfibG7DPPCefTY1oRls/aDJ2s=	\N	f	nyirambarushimanafrancoise20128	Francoise	petitefunny@gmail.com	f	t	2025-03-25 10:40:57.262841+02	1994-11-12	\N	F	\N	\N	+250782655936	\N	20128	NYIRAMBARUSHIMANA
692	pbkdf2_sha256$870000$jFLNrTfTE9dGwrbmpmXVJG$+kF52TBHQAS7GnVArb1hmxOF/xVPWLvrO8u2TQfwemQ=	\N	f	nyiramugishabeata20129	Beata	nyiramugishabeata20129@gmail.com	f	t	2025-03-25 10:40:57.270918+02	1993-03-09	\N	F	\N	\N	+250727678911	\N	20129	NYIRAMUGISHA
693	pbkdf2_sha256$870000$dm9hlAtNXWyUHDQZn3lXO3$GNgN6ANkpGTxPrwWSRX4J9lU3qX468wPnu7u5KxIkyc=	\N	f	umuhozaniyigenarosalie20161	Rosalie	rosalie@remotegroup.com	f	t	2025-03-25 10:40:57.277999+02	1994-02-14	\N	F	\N	\N	+250789531939	\N	20161	UMUHOZA NIYIGENA
694	pbkdf2_sha256$870000$PgCLcyeeSdSUGjU6lZroEo$ouDoYRcqCnYDe1zLOCmazRV+aF/qm8HUOQGYq/BqiFA=	\N	f	urujenidivine20151	Divine	urujenidivine1@gmail.com	f	t	2025-03-25 10:40:57.285587+02	1994-02-26	\N	F	\N	\N	+250787470589	\N	20151	URUJENI
695	pbkdf2_sha256$870000$SNgkuobUqvkIIOLmHmznqZ$H3d/ZTDiBKHyyoyCm7LWd6CRyhLL8+dWJhACVTkiAU8=	\N	f	uwamurerajoyeuse20133	Joyeuse	uwajoyce5@icloud.com	f	t	2025-03-25 10:40:57.295598+02	1994-01-01	\N	F	\N	\N	+250781279956	\N	20133	UWAMURERA
696	pbkdf2_sha256$870000$yoDpV59Gc1N9pl2GuzlQnZ$2LWTHhS8uamepITQtSLa6IQiu4kGEVi9IvVoTL+bNsY=	\N	f	uwanyirigiraaloysiejustine20135	Aloysie Justine	uwaloysiejustine1@gmail.com	f	t	2025-03-25 10:40:57.306269+02	1994-01-01	\N	F	\N	\N	+250784757328	\N	20135	UWANYIRIGIRA
697	pbkdf2_sha256$870000$2K5O23KoN2yZ98j7xwFglE$Yaa2b2PMVzOnNu+UdLAALaAEADaENMyB22MIOaOY9/Q=	\N	f	uwinezajeanette20143	Jeanette	annet.uwineza@gmail.com	f	t	2025-03-25 10:40:57.31526+02	1994-12-04	\N	F	\N	\N	+250781872426	\N	20143	UWINEZA
698	pbkdf2_sha256$870000$jvrNK0gMBaU1WNuGTYWRfb$uZf0+8qGdl5T47jyHQ2CjxMFIWWGLQlXx1QIWZpyBns=	\N	f	akishimwehappiness2023124069	Happiness	akishimwehappiness@gmail.com	f	t	2025-03-25 10:40:57.325264+02	2003-11-01	\N	F	\N	\N	+798352027	\N	2023124069	AKISHIMWE
699	pbkdf2_sha256$870000$hioL7AKbuZXdtgI4bszUSj$KOoB70K7U7tBLOCMTkQEZ5/P7tbYZyewvNIHyYYfEQ4=	\N	f	akumuntubetty2023124070	Betty	rachidbetty12@gmail.com	f	t	2025-03-25 10:40:57.332296+02	\N	\N	F	\N	\N	+792491297	\N	2023124070	AKUMUNTU
700	pbkdf2_sha256$870000$lRBx2sPdr6rYYSvW55ekd7$xSjMYl0oi7xHiRdbayV0wBLihApd9vli9bXKNd8pdsg=	\N	f	amatabelyse2023124071	Belyse	belyseamata250@gmail.com	f	t	2025-03-25 10:40:57.342297+02	2003-07-09	\N	F	\N	\N	+721280396	\N	2023124071	AMATA
701	pbkdf2_sha256$870000$JqhjfBEwFOKNfiw02Dk8p7$GRTccgMo+QHoUAhx1jdNUJA5xB5Eqlc4R0Xcb7kJqU8=	\N	f	bazubagirasandrine2023124072	Sandrine	bazubagirasando@gmail.com	f	t	2025-03-25 10:40:57.349258+02	2002-01-01	\N	F	\N	\N	+793134460	\N	2023124072	BAZUBAGIRA
702	pbkdf2_sha256$870000$eekmbPbGuPk0PyBlDAtxVe$3Hv1gVWbOaVjBtk0NY1eIcS2R/Lj9SzqhVWACNl8ww8=	\N	f	ikirezimihigolaura2023124073	Laura	ikirezimihigolaura@gmail.com	f	t	2025-03-25 10:40:57.358303+02	\N	\N	F	\N	\N	+789024151	\N	2023124073	IKIREZI MIHIGO
703	pbkdf2_sha256$870000$E3aJQTGDncQaGvSfUzaHeq$aV7uD1VHT+sra1LnX30mi51m7arjHyjVuUJaO1B3svc=	\N	f	iradukundaalice2023124074	ALICE	iradukundaalice012@gmail.com	f	t	2025-03-25 10:40:57.365293+02	\N	\N	F	\N	\N	+790143842	\N	2023124074	IRADUKUNDA
704	pbkdf2_sha256$870000$1RquIt2rotp1Ll92FflksD$7Qk0oNe+X2HHm2qBPb85LhwXD3gJFl0aw+WwOszYuNs=	\N	f	iradukundayvette2023124075	Yvette	iryvette2003@gmail.com	f	t	2025-03-25 10:40:57.375624+02	\N	\N	F	\N	\N	+780069169	\N	2023124075	IRADUKUNDA
705	pbkdf2_sha256$870000$TwTIasaA88IgZIhg82KIod$lXnmxbxhozzDk28LC8tPsUpzRFT6ZmCSuXMDPSrj1BE=	\N	f	irakozegloria2023124076	Gloria	irakozegloria10@gmail.com	f	t	2025-03-25 10:40:57.38557+02	\N	\N	F	\N	\N	+780828494	\N	2023124076	IRAKOZE
706	pbkdf2_sha256$870000$Yvy4wkmEy2Add6vyCDIrnl$SYs8L0IuP8xtv6BHBWUBueoAAMFz1jZvEPdPCtig6Vk=	\N	f	ishimwedenyse2023124077	DENYSE	denyseishimwe477@gmail.com	f	t	2025-03-25 10:40:57.394613+02	\N	\N	F	\N	\N	+780074888	\N	2023124077	ISHIMWE
707	pbkdf2_sha256$870000$nzgbtZb6L5FK2Ibyjs2LXr$+ughOU0G+m/Bh9MKY5s1+naSqnPLRKofsBkQ5O+kb04=	\N	f	kantaramaalexie2023124078	Alexie	alexieruyange2004@gmail.com	f	t	2025-03-25 10:40:57.403611+02	\N	\N	F	\N	\N	+795181747	\N	2023124078	KANTARAMA
708	pbkdf2_sha256$870000$padS0azgpuVronDAOE8vbI$9uzME3pPz9fpc5b0eTtVEbNJh2kZgqaUYL2ik0lQ/G8=	\N	f	kayitesisarah2023124083	Sarah	sarahkayitesi5@gmail.com	f	t	2025-03-25 10:40:57.410611+02	\N	\N	F	\N	\N	+787772618	\N	2023124083	KAYITESI
709	pbkdf2_sha256$870000$6mV6pgLUxUGen314Fgk8Zy$CWp1j0gx6LBlXJsCV0BYSum0ksMIhohkdvqotWe2/V0=	\N	f	mahoroblandine2023124079	Blandine	mahoroblandine13@gmail.com	f	t	2025-03-25 10:40:57.41657+02	\N	\N	F	\N	\N	+7978888888	\N	2023124079	MAHORO
710	pbkdf2_sha256$870000$2djtTku4ppuvyK0CFwYmOf$L232lk6tFk72ZKTxBpV/Z92Qe0eQbkqBuSn9BlvB/KA=	\N	f	mutesidiane2023124080	Diane	dmutesi2005@gmail.com	f	t	2025-03-25 10:40:57.426631+02	\N	\N	F	\N	\N	+790681984	\N	2023124080	MUTESI
711	pbkdf2_sha256$870000$sKOn3bJXJOKrO711faI1Ja$vGwcmBcUWth8/AzlC6vphl981WGHChRfh7FON9OZCyI=	\N	f	mutonivanella2023124081	Vanella	mvanella14@gmail.com	f	t	2025-03-25 10:40:57.43357+02	\N	\N	F	\N	\N	+788505446	\N	2023124081	MUTONI
712	pbkdf2_sha256$870000$1ejulV66B2Yn6GaTDMH7dg$G9mcw+GJW9H+gElfTB801O+ad4Tll6+VZxltuOZkQto=	\N	f	nsabayezuclarisse2023124082	Clarisse	clarissensabayezu@gmail.com	f	t	2025-03-25 10:40:57.443675+02	\N	\N	F	\N	\N	+786997915	\N	2023124082	NSABAYEZU
713	pbkdf2_sha256$870000$oV1SNTX1a9X0OXAaFDAvA9$aiZQBbGXIrvpNXd5r//mSS05Zz/91mP6OxZJYVyjPiA=	\N	f	uwanyirigiraflorence2023124084	Florence	uwanyirigiraf323@gmail.com	f	t	2025-03-25 10:40:57.452571+02	2002-01-01	\N	F	\N	\N	+798215513	\N	2023124084	UWANYIRIGIRA
714	pbkdf2_sha256$870000$U6yafb99KYH1RjhCGZk3IG$NMvonlMONFmGSvX0EDDSNx9qkbFdL6GNPmlp0ddZ8gU=	\N	f	uwasefazirati2023124085	Fazirati	faziratiuwase@gmail.com	f	t	2025-03-25 10:40:57.460624+02	2003-04-11	\N	F	\N	\N	+780593977	\N	2023124085	UWASE
715	pbkdf2_sha256$870000$uGUkCqKaI86MIOFjlWvQyc$XqEO2utpIamEAuB2afctLkEipxnY2VxXGU+vSlxOCtw=	\N	f	uwasegihamiraflorine2023124086	Florine	uwasebonette30@gmail.com	f	t	2025-03-25 10:40:57.468668+02	\N	\N	F	\N	\N	+783537574	\N	2023124086	UWASE GIHAMIRA
716	pbkdf2_sha256$870000$79apLwD1izDoFs9h08gFf9$Hi4uupekV+ozKMwytiKmcyXGCT1fAyvqfjry/9i/uAI=	\N	f	uwimpuhwediane2023124087	Diane	uwimpuhwediane123@gmail.com	f	t	2025-03-25 10:40:57.477742+02	\N	\N	F	\N	\N	+786805045	\N	2023124087	UWIMPUHWE
717	pbkdf2_sha256$870000$DweWfvc6rdypog4ZK5OQEy$vAcYyrCmRx+xNTZMAlVWu7XcJyrkwmNaZjahe/AYZfw=	\N	f	uwitonzekabandacharline2023124088	Charline	uwitonzekabanda@gmail.com	f	t	2025-03-25 10:40:57.485713+02	2002-01-05	\N	F	\N	\N	+786350219	\N	2023124088	UWITONZE KABANDA
718	pbkdf2_sha256$870000$ecRAxlWaw8Co5tySW15zxp$dBGyG7x2xmiXkfKiHSAibL2WVI8KgScSUFoTPF8LkRE=	\N	f	bazimyafrank2023123045	Frank	bazimyafran@gmail.com	f	t	2025-03-25 10:40:57.493742+02	\N	\N	M	\N	\N	+787748353	\N	2023123045	BAZIMYA
719	pbkdf2_sha256$870000$iHn1f3k6Awg8KxJDqSSNEw$jBOB2EHSuqbd650hL59Bm6snWz9lrUHo/D3EPJnl74E=	\N	f	bazimyashaban2023123047	Shaban	bzmnshaban@gmail.com	f	t	2025-03-25 10:40:57.503294+02	2004-01-08	\N	M	\N	\N	+798672025	\N	2023123047	BAZIMYA
720	pbkdf2_sha256$870000$4MKoErxPEAWEmJn9StkJce$AtpXoN8Mx0WGTdt8mVFzPpDXiwgR9zzHXuFNMyGt8eA=	\N	f	bizimanadaniel2023123046	Daniel	danielbizimana6@gmail.com	f	t	2025-03-25 10:40:57.5123+02	\N	\N	M	\N	\N	+791725584	\N	2023123046	BIZIMANA
721	pbkdf2_sha256$870000$e7WRYZE87ag1D85kylxKu5$P9bnhN71d2P9m+v09m8CUJIFBD5c1R5Ju8OS3h6bFYg=	\N	f	gisayossam2023123048	Yossam	gisayossam13@gmail.com	f	t	2025-03-25 10:40:57.519316+02	\N	\N	M	\N	\N	+780272213	\N	2023123048	GISA
722	pbkdf2_sha256$870000$sHt7a5lqGKks8pSEHNIDIi$9VF7sKd+m/+MSIeEfw2Fg76hisCkyuAP4VZVy+DhVnk=	\N	f	iradukundaalexis2023123050	Alexis	iradukundaalexis01@gmail.com	f	t	2025-03-25 10:40:57.525365+02	\N	\N	M	\N	\N	+785710989	\N	2023123050	IRADUKUNDA
723	pbkdf2_sha256$870000$CYIHExDOmXqruVFhV3FVjV$oDeivM58+8X0Dh3PHh+B3Cn0pE6HO41m+NKeJ7BBUKE=	\N	f	isabweroger2023123051	Roger	isabweroger@gmail.com	f	t	2025-03-25 10:40:57.532246+02	\N	\N	M	\N	\N	+793179694	\N	2023123051	ISABWE
724	pbkdf2_sha256$870000$ILoPHaKbqM75MRPI9L3QxP$5934AQLjujIriKNbWzqHTX2JmCYC7Hw99ExDDRFvpVk=	\N	f	ishemajohovani2023123052	Johovani	charitenyanza4@gmail.com	f	t	2025-03-25 10:40:57.540242+02	2002-01-08	\N	M	\N	\N	+786766502	\N	2023123052	ISHEMA
725	pbkdf2_sha256$870000$qX8AB0A1Zl3tiseDfhN4jj$LKAn2BvyNEwV26AeMyrFSq6lsi1hRml5nC/8oL0NHU4=	\N	f	kadegejeanmarie2023123053	Jean Marie	kadegejeanmarie@gmail.com	f	t	2025-03-25 10:40:57.54766+02	2004-08-11	\N	M	\N	\N	+250788690850	\N	2023123053	KADEGE
726	pbkdf2_sha256$870000$K8OhMmzOFTtBC1rjUudVvn$dCEfZ8Hx3IMSZMolkQNAHzvvgg7hu44OWwvVBDwL/zQ=	\N	f	kayihuraarnold2023123054	Arnold	arnoldkayihura64@gmail.com	f	t	2025-03-25 10:40:57.55776+02	\N	\N	M	\N	\N	+793488849	\N	2023123054	KAYIHURA
727	pbkdf2_sha256$870000$gEyL9uyleQQGxsy32n7QsD$+FFsd6N8DyuOjkgzYfhBcxcUQasbnsC5BNwObz+dp6M=	\N	f	madjariwaemmanuel2023123055	Emmanuel	madjariwaemmanuel09@gmail.com	f	t	2025-03-25 10:40:57.566704+02	2002-06-10	\N	M	\N	\N	+785405603	\N	2023123055	MADJARIWA
728	pbkdf2_sha256$870000$GgMyWjfIOUSgWq5rVOzy20$QrPGEet3kbEKArS/VkwidNN6NopJXo3E2bU07EylIGI=	\N	f	manishimweclement2023123056	Clement	cmanishimwe20@gmail.com	f	t	2025-03-25 10:40:57.575903+02	2003-07-04	\N	M	\N	\N	+788983825	\N	2023123056	MANISHIMWE
729	pbkdf2_sha256$870000$zXPahhabQwZoER5A38Mp48$WGErrevX2A5oNtmniUGZ+84+WGvToFGQ48y2Th8Z3MY=	\N	f	manziihirweking2023123049	Ihirwe King	ihirwemanzi@gmail.com	f	t	2025-03-25 10:40:57.581879+02	\N	\N	M	\N	\N	+726503222	\N	2023123049	MANZI
730	pbkdf2_sha256$870000$wN2H4qaLmkCpxN1gGBXiKG$redn8R++uGYT1XECXVbBWnTVFes6pyhaUfGq4REIHkU=	\N	f	mudahemukajeandelacroix2023123057	Jean de la Croix	jeandelacroixmudahemuka@gmail.com	f	t	2025-03-25 10:40:57.590836+02	2001-09-07	\N	M	\N	\N	+784444268	\N	2023123057	MUDAHEMUKA
731	pbkdf2_sha256$870000$saowlTlXmhtZ67662E9f9m$0YxOVw33psPneBaxkOIt9VU7gJpW2rZt8AvBxz4gynk=	\N	f	mugishaarsene2023123058	Arsene	mugishaseny@gmail.com	f	t	2025-03-25 10:40:57.596846+02	2003-07-10	\N	M	\N	\N	+0785375207	\N	2023123058	MUGISHA
732	pbkdf2_sha256$870000$Inno8UwmRgJAcnULeB46lk$bx/e0xmV/o82tl/9Xln5e6hOBDSY7V3vWJrMW2R5r3I=	\N	f	mugishajunior2023123059	Junior	juniormugisha96@gmail.com	f	t	2025-03-25 10:40:57.605881+02	\N	\N	M	\N	\N	+793083751	\N	2023123059	MUGISHA
733	pbkdf2_sha256$870000$TvYmdj6QCpnFc1sOtK47fL$05FCqFGbA3tQFIHq4HS68Mf7uJLTnIyXnfOW4CXpDJI=	\N	f	muhirealain2023123060	Alain	alainmuhire44@gmail.com	f	t	2025-03-25 10:40:57.613832+02	\N	\N	M	\N	\N	+785017687	\N	2023123060	MUHIRE
734	pbkdf2_sha256$870000$AJ2Bsp28kFGfHZ9C0jNmJP$admxnOpKL1YT6mGVe5ziePeJi8TgeTuAV06pqOLtsns=	\N	f	munezadelphin101646	Delphin	muneza.delphin@gmail.com	f	t	2025-03-25 10:40:57.623882+02	\N	\N	M	\N	\N	+785678480	\N	101646	MUNEZA
735	pbkdf2_sha256$870000$DoozQDh4S6Wll73bQQ3JyS$A9XP/9J2DBGKzQkZBLChgBzpcBxbAW9Ps+lygMPKzlU=	\N	f	munezeroeric101902	Eric	muneeroe977@gmail.com	f	t	2025-03-25 10:40:57.634102+02	2003-06-12	\N	M	\N	\N	+789876430	\N	101902	MUNEZERO
736	pbkdf2_sha256$870000$XFqotxRz88RXNgo0oL236G$vU1FkN8EYZudU8mbCnE9HdO4MFuaJj1OhIU3ztjVatE=	\N	f	ndamiraregis2023123063	Regis	ndamiraregis@gmail.com	f	t	2025-03-25 10:40:57.644147+02	2002-03-04	\N	M	\N	\N	+784237238	\N	2023123063	NDAMIRA
737	pbkdf2_sha256$870000$5YyB2EbhLH1NjXL1Wn0mLZ$EQv9e1BOJm32uNMznN9CuY7Kpm78XEK+N6Yp66p6hTg=	\N	f	niyigenapatrick2023123064	Patrick	niyigenap28@gmail.com	f	t	2025-03-25 10:40:57.654155+02	\N	\N	M	\N	\N	+250791284665	\N	2023123064	NIYIGENA
738	pbkdf2_sha256$870000$9FgUIPPhzplZG8XqxKxh2N$GxPb7TIUYuvbOAtLbDCOsw1F1v05FC6o3rYUy21r714=	\N	f	niyonkurugalaxy2023123065	Galaxy	galaxyniyonkuru63@gmail.com	f	t	2025-03-25 10:40:57.661781+02	\N	\N	M	\N	\N	+785258716	\N	2023123065	NIYONKURU
739	pbkdf2_sha256$870000$FcKqB7wMt22UqMaYSWLvGA$W3z+S9PqUJDs/wwO49xqpSZTeneCB+NqhvHU1KDDUqQ=	\N	f	nsengiyumvayves2023123066	YVES	yvnsengiyumva20rgana@gmail.com	f	t	2025-03-25 10:40:57.670792+02	2003-01-07	\N	M	\N	\N	+790970949	\N	2023123066	NSENGIYUMVA
740	pbkdf2_sha256$870000$zad6pRTR9Mr18Kp46idELv$TFmwoM1L7s1fCcYVcqchfw3ughuzDW0jnRvueAuS/EQ=	\N	f	tuyishimebruce2023123067	Bruce	tuyishimebruce45@gmail.com	f	t	2025-03-25 10:40:57.678736+02	\N	\N	M	\N	\N	+786640875	\N	2023123067	TUYISHIME
741	pbkdf2_sha256$870000$YHpotJJsfBG5XlW8yWDI85$hWu2gIOothSECKZRPNRhB33o6rLjGwGnOpN1wR7Jlxo=	\N	f	uwihanganyeaime2023123068	Aime	uwihanganyeaime82@gmail.com	f	t	2025-03-25 10:40:57.6878+02	\N	\N	M	\N	\N	+79366036	\N	2023123068	UWIHANGANYE
742	pbkdf2_sha256$870000$gix75Fch6Aiy3aGzVJLlaZ$G361A84NH0fcVjhvN5Xrv2bGhS9HFnXpZKJtLpMDFL8=	\N	f	ashimirwemitarijeandelapaix2022112021	Jean De La Paix	jdro.ashimirwe@gmail.com	f	t	2025-03-25 10:40:57.69477+02	\N	\N	M	\N	\N	+780803610	\N	2022112021	ASHIMIRWE MITARI
743	pbkdf2_sha256$870000$P9Poj3G09OtJNavhLnaCx1$Y+kNhl+uH/oXYxENkJEFlPvm9bkYF8lZig9SccAva9E=	\N	f	gatsimbanyijackson2022112023	Jackson	jgatsimbanyi2000@gmail.com	f	t	2025-03-25 10:40:57.703802+02	2003-12-12	\N	M	\N	\N	+781936933	\N	2022112023	Gatsimbanyi
744	pbkdf2_sha256$870000$in7yv22m3EmxHkSr7AMVAr$nNARLT+76q+AnpSDVojBFWpKmW7Vh1zF6+wxdLvBh7E=	\N	f	gisingizobuzizialdoromeo2022112024	ALDO ROMEO	gisingizoa@gmail.com	f	t	2025-03-25 10:40:57.711783+02	2003-12-10	\N	M	\N	\N	+798779388	\N	2022112024	GISINGIZO BUZIZI
745	pbkdf2_sha256$870000$H0jK6dWMY7apu9X3NmsoTs$0n0SDotdSFA3NOyaawKkjGtsC2/vOr55dsOExu1DTUY=	\N	f	irankundasteven2022112025	Steven	siradukunda20@gmail.com	f	t	2025-03-25 10:40:57.721734+02	\N	\N	M	\N	\N	+783552912	\N	2022112025	IRANKUNDA
746	pbkdf2_sha256$870000$vE1cmRlmAtQJSOpHLmVn71$99h4+FSYrXscUnTdQ459zDJPOLcw/JbapyP5GMB/1RI=	\N	f	ishimwearnould2022112026	Arnould	arnould.ishimwe@gmail.com	f	t	2025-03-25 10:40:57.730804+02	\N	\N	M	\N	\N	+250784496031	\N	2022112026	Ishimwe
747	pbkdf2_sha256$870000$hHyRSKYHq1LMGjiRel5Pac$HmgCZhG+pxU84JycTiwFExX1LVB7EnRrdPJKG+VYrno=	\N	f	kananurahonore2022112027	Honore	honoreb20@gmail.com	f	t	2025-03-25 10:40:57.740734+02	2002-06-08	\N	M	\N	\N	+7822233881	\N	2022112027	KANANURA
748	pbkdf2_sha256$870000$8yYU6huCvxQZs154qwxLRI$1Hy+aQfF2h96tZ3Mfc0UCUMkgWhkLF3MJmTLwcpwTK8=	\N	f	kwihanganazachee2022112028	zachee	kwihanganaza2002@gmail.com	f	t	2025-03-25 10:40:57.749739+02	2002-07-02	\N	M	\N	\N	+790788837	\N	2022112028	kwihangana
749	pbkdf2_sha256$870000$bb8lcJ9DmlUo3he6TQqH60$QrOe4B6nxxlwenOjmR7rhffMxOLysrXztcYALqSkQPg=	\N	f	mucyothierry2022112029	Thierry	mucyothierry966@gmail.com	f	t	2025-03-25 10:40:57.759776+02	2002-04-04	\N	M	\N	\N	+780051614	\N	2022112029	Mucyo
750	pbkdf2_sha256$870000$HRj6zKeo8SMD2M97iw8lRX$HK2EyjQtVP510yWnO8OChas1KIwIIAsR9j4UKrA51HY=	\N	f	muhizirevocatus2022112030	Revocatus	muhizireco21@gmail.com	f	t	2025-03-25 10:40:57.771339+02	2002-02-12	\N	M	\N	\N	+784311556	\N	2022112030	Muhizi
751	pbkdf2_sha256$870000$e7BEu6JZZfrU0d9yzsdVcK$KcHGJiY85yI60gp/w1ld9Kyk7rjbBF1W0AOh9oDkt+4=	\N	f	munyanezaeric2018074053	ERIC	e.munyaneza24@gmail.com	f	t	2025-03-25 10:40:57.778338+02	\N	\N	M	\N	\N	+787322550	\N	2018074053	MUNYANEZA
752	pbkdf2_sha256$870000$DS7340gUcnPllgXLLFsd6d$bHYFhAdMC/u96HrjTSnE9ejIgLX8cR0sIsYqJJRpHQQ=	\N	f	muyobokeherve2022112032	Herve	mherve2k@gmail.com	f	t	2025-03-25 10:40:57.786383+02	2002-01-10	\N	M	\N	\N	+780236617	\N	2022112032	Muyoboke
753	pbkdf2_sha256$870000$94u8R3U7fEdksUgClyrjBI$4VVnx2R+z/uVUTrCq82NJ9bWH7qogtV5V3XfPjQVz/M=	\N	f	mwunzimpangacelestin2022116121	Celestin	celestinimpanga3@gmail.com	f	t	2025-03-25 10:40:57.794387+02	2002-08-27	\N	M	\N	\N	+250787844783	\N	2022116121	MWUNZIMPANGA
754	pbkdf2_sha256$870000$wAPfMsnVL0Tl79m9zx4HET$imzhFw9tl/Wmy2OtSL7AKOyfSUVP9WkMeztlCXbhuSE=	\N	f	niyonzimaomar2022112034	Omar	omarniyo@gmail.com	f	t	2025-03-25 10:40:57.801354+02	2002-06-08	\N	M	\N	\N	+782223388	\N	2022112034	NIYONZIMA
755	pbkdf2_sha256$870000$hqCLDXRVLHyyI8yTo6ic8w$4gPjwSQIKmqw1jksyX4XyBMFIyuotBV94a+WYlt7RCI=	\N	f	nsengiyumvaismael2022112035	Ismael	ismaelnsengiyumva322@gmail.com	f	t	2025-03-25 10:40:57.809375+02	2002-05-05	\N	M	\N	\N	+785597031	\N	2022112035	Nsengiyumva
756	pbkdf2_sha256$870000$ihdyPQUfRMGEPivujEMZpF$iVZwtaFo8645JWtTwlgY15u1N2Uq2vhO6hUxueRdwVY=	\N	f	ntiihigwadieudonne2022112036	Dieudonne	dntihigwa@gmail.com	f	t	2025-03-25 10:40:57.816342+02	2001-01-01	\N	M	\N	\N	+785189459	\N	2022112036	NTIIHIGWA
757	pbkdf2_sha256$870000$R62VmJacvcFlejmsTF9FyW$YrSdLBXqb+MLOcUy2Vcp7dTzPX1UvNMxlmv25sW8LNc=	\N	f	ntivuguruzwaemmanuel2022112037	Emmanuel	ntivuguruzwaemmanuel20@gmail.com	f	t	2025-03-25 10:40:57.82638+02	\N	\N	M	\N	\N	+250790745818	\N	2022112037	NTIVUGURUZWA
758	pbkdf2_sha256$870000$MVrHXSWp6XMasPJ3km5S7M$XYjJ54AIhWbxr8l/DDXys8lrJZaxfvZZGX9LYyPBTDY=	\N	f	rubayizamugishadavid2022112038	David	mugisharubayiza@gmail.com	f	t	2025-03-25 10:40:57.836386+02	2002-05-03	\N	M	\N	\N	+782283985	\N	2022112038	Rubayiza Mugisha
759	pbkdf2_sha256$870000$nI7ar48puhbGUzwADOL4fh$coufVpQI7ImReBJ7QSJ7lZB0Fo5eYBklGg6giLnq8bU=	\N	f	rukundowilson2022112039	WILSON	rukundowilson2019@gmail.com	f	t	2025-03-25 10:40:57.845389+02	\N	\N	M	\N	\N	+781023596	\N	2022112039	RUKUNDO
760	pbkdf2_sha256$870000$wLzBSxT3HzUbzVLzwIjrCK$HbZ6LVALx5eWDUVyYA5qqTyk+uvhDewQYZKm4zgGnlo=	\N	f	rwibutsofiston2022112040	Fiston	fistonfinn12@gmail.com	f	t	2025-03-25 10:40:57.854372+02	2001-07-06	\N	M	\N	\N	+783581901	\N	2022112040	Rwibutso
761	pbkdf2_sha256$870000$CNNdlVpxlma9lw99K4McS7$dJXkVTOsiubBjiOKmfO5Q1XKAraFvPgCqvSiuCC2rnk=	\N	f	sangwayvan2022112041	Yvan	syvan4210@gmail.com	f	t	2025-03-25 10:40:57.860162+02	\N	\N	M	\N	\N	+784741738	\N	2022112041	Sangwa
762	pbkdf2_sha256$870000$qQahUB8M5tDmGfzz8U50Qo$wfOIbfmSWzfQJXn/0kFnPwkrwM8p9CEhwbsbSRiPZ7Y=	\N	f	shemahamzashema2022112042	shema	shemahamza2020@gmail.com	f	t	2025-03-25 10:40:57.868148+02	2002-03-06	\N	M	\N	\N	+784138909	\N	2022112042	shema hamza
763	pbkdf2_sha256$870000$rOE93m4xyw8F1ha6FVEIS5$vBILsqit0RVCACopj7aOCDYQuyPiNJ2sgKLXjrbCgqk=	\N	f	uwizeyekevin2022112044	Kevin	kevin.uwizeye@gmail.com	f	t	2025-03-25 10:40:57.87707+02	2003-02-23	\N	M	\N	\N	+782619276	\N	2022112044	Uwizeye
764	pbkdf2_sha256$870000$fi44TmHovyf568i3dHYzF5$RKoeBYQ4zw+CNNjuWZA2zteP/tUszwOufAx7+YJeDXc=	\N	f	akimanazanyeclaudine101965	Claudine	akimanizanye.claudine@gmail.com	f	t	2025-03-25 10:40:57.887244+02	1994-01-01	\N	F	\N	\N	+250789616355	\N	101965	AKIMANAZANYE
765	pbkdf2_sha256$870000$ms4OSimOPST2kqTDZlBN6N$J6c22OH/H9KyiBivx4qHREUhjxNG7e2zcIyE0nJYOvY=	\N	f	gusengaclarisse102030	Clarisse	cgusenga@gmail.com	f	t	2025-03-25 10:40:57.896255+02	\N	\N	F	\N	\N	+250788675640	\N	102030	GUSENGA
766	pbkdf2_sha256$870000$G2AnFnSgIPyca876B9Ifn5$KpGaYhcwZBYMD7OPb6JJqzkR3Df668CHiZ+Uy8Fr4II=	\N	f	iradukundagisele102003	Gisele	giselleiradukunda12@gmail.com	f	t	2025-03-25 10:40:57.907222+02	1997-06-09	\N	F	\N	\N	+250788243349	\N	102003	IRADUKUNDA
767	pbkdf2_sha256$870000$9gfCZCx1tc2iryDzzT1RQd$a0ermMoO4SwBvkC1+vMcoGlZalIXMxBeOO2SCmFqo+c=	\N	f	kalisashemasharonrose101971	Sharon Rose	skalisashema@gmail.com	f	t	2025-03-25 10:40:57.916188+02	1996-11-05	\N	F	\N	\N	+250784466421	\N	101971	KALISA SHEMA
768	pbkdf2_sha256$870000$83vx0B9ozMixIx7XSL78JR$CJ/9/8bCVRkzFn5/zbtaWvgQsg44ZegGzTCrlh130bs=	\N	f	manizabayocostasie101975	Costasie	manizabayo.costasie@gmail.com	f	t	2025-03-25 10:40:57.927241+02	1997-01-01	\N	F	\N	\N	+250726309455	\N	101975	MANIZABAYO
769	pbkdf2_sha256$870000$Vvlbx2xJ5dclw03wXwd1RJ$sGulShd4vteUmVPormm52bLuaDnknNKVc4/dkhB/Rrk=	\N	f	marebebrenda102008	Brenda	bmarebe02@gmail.com	f	t	2025-03-25 10:40:57.936236+02	\N	\N	F	\N	\N	+250783095619	\N	102008	MAREBE
770	pbkdf2_sha256$870000$7tBHqg5ZMaxje2C7wm1hZA$qUITaeI6iClTXvg2/syew/MRzRAMCgZYjc1pLrUhXEE=	\N	f	mbabazijeannette101976	Jeannette	nursyy65@gmail.com	f	t	2025-03-25 10:40:57.946226+02	1996-03-11	\N	F	\N	\N	+250783166346	\N	101976	MBABAZI
771	pbkdf2_sha256$870000$f0mfqGoZkm4Y2hC4ONZnMW$rRd2CwyOA13NA8FCc7YZu1vM2e/wi1Gk3No1cVPvgP8=	\N	f	mukamungugaaunt102010	Aunt	mukamungugaaunt102010@gmail.com	f	t	2025-03-25 10:40:57.956181+02	1996-01-02	\N	F	\N	\N	+250728285435	\N	102010	MUKAMUNGUGA
772	pbkdf2_sha256$870000$pVeSVWGyAY86NUuS7BX00B$AoE/xzlfg4jBqGigXmF/Bl1e5TfWI9+1P1Ez9mh5a7Y=	\N	f	mukazayireclemence102037	Clemence	mukazayire.clemence@gmail,com	f	t	2025-03-25 10:40:57.966008+02	1996-08-10	\N	F	\N	\N	+250785655360	\N	102037	MUKAZAYIRE
773	pbkdf2_sha256$870000$hoWM4it4rEqPgz0h8l5Dup$MC4fEbk/U7u6jvlL6Yt0G2EMspF6Zb3ZI8g8wEwaomo=	\N	f	mutesiaimee102014	Aimee	maimee243@gmail.com	f	t	2025-03-25 10:40:57.976137+02	\N	\N	F	\N	\N	+250727967627	\N	102014	MUTESI
774	pbkdf2_sha256$870000$PStzfL3SPmF8ZhB7huBU2T$VUHXuGJKUkA7i+9BnBYQgrOyfwsbi6pl3hCE/KR4KG8=	\N	f	tumukundealice101987	Alice	kunde,alice@gmail.com	f	t	2025-03-25 10:40:57.985121+02	1997-01-01	\N	F	\N	\N	+250791029909	\N	101987	TUMUKUNDE
775	pbkdf2_sha256$870000$REjqlLN1C41V3p0nLgbgaF$Nni9ViDyNjcbmkVmAw9CRfUyYtzZRpdK/1xVBnHKQ2g=	\N	f	umutoniwaserachel102054	Rachel	umutoniwaserachel@gmail.com	f	t	2025-03-25 10:40:57.994073+02	1997-11-02	\N	F	\N	\N	+250785780718	\N	102054	UMUTONIWASE
776	pbkdf2_sha256$870000$7PZEdpMX0jiWud2nl6SHEn$U/REidv8ltgtOWg40+tEgqUi7EMm0CGzbUwgQUpBAYo=	\N	f	uwimanalea102057	Lea	uwimanalea15@gmail.com	f	t	2025-03-25 10:40:58.001999+02	\N	\N	F	\N	\N	+250780258721	\N	102057	UWIMANA
777	pbkdf2_sha256$870000$FQ5T8rzcg8YeF2zYsXmOvz$YoVknoSsYLqgbDJHaa2HNIH6nGV2vw0PsLQEWDmFqKo=	\N	f	uwingabireflorence102059	Florence	uwingabireflorence7@gmail.com	f	t	2025-03-25 10:40:58.011042+02	\N	\N	F	\N	\N	+250781505997	\N	102059	UWINGABIRE
778	pbkdf2_sha256$870000$YMSOUD9XOa7wA5iQbk1dXZ$Iwm6D9McTR5FJ+B34unhI2iX7ljy5OW6+BaoqnePOb8=	\N	f	uzayisengajeannette102027	Jeannette	uzayisengajeannette89@gmail.com	f	t	2025-03-25 10:40:58.020084+02	1996-01-07	\N	F	\N	\N	+786498532	\N	102027	UZAYISENGA
779	pbkdf2_sha256$870000$jXbi4i2Cmh0yLJ2cLxSMR6$c24lTsthfhl63jjqVDNFq7Lx4vxJylUrRprTdIz/PbI=	\N	f	bimenYouth Impact Missionanaeline2019086091	Eline	bimenyouth impact missionanaeline@gmail.com	f	t	2025-03-25 10:40:58.028078+02	\N	\N	F	\N	\N	+250780495540	\N	2019086091	BIMENYouth Impact MissionANA
780	pbkdf2_sha256$870000$9KKYumHdu0rzQlFqYFgK6Z$Dv7jAvoWPbDa6XDR9OLtsXIeCTb8qVxD2Ggzf/d/lZw=	\N	f	ingabirecynthia2019086092	Cynthia	cynthiakezi@gmail.com	f	t	2025-03-25 10:40:58.036344+02	\N	\N	F	\N	\N	+250786562696	\N	2019086092	INGABIRE
781	pbkdf2_sha256$870000$qBKh5uQT1w4rlHNsJxcoKM$FIhIHomD89HfJB9R/XTBYGZZ1VINct2N2hhhmjGPATI=	\N	f	iradukundaalice2019086093	Alice	iradukundaalice02@gmail.com	f	t	2025-03-25 10:40:58.045367+02	1997-01-01	\N	F	\N	\N	+250780036827	\N	2019086093	IRADUKUNDA
782	pbkdf2_sha256$870000$4wtxLMVplA9VkPYYumNx43$TTilmZ5QmxxbAR+n0blBcoYumqKMj1hVdbdatXLu9Ck=	\N	f	isumbabyosedelphine2019086094	Delphine	delphineisumbabyose3@gmail.com	f	t	2025-03-25 10:40:58.054863+02	\N	\N	F	\N	\N	+250787324729	\N	2019086094	ISUMBABYOSE
783	pbkdf2_sha256$870000$DRujTjuDl3Kf7QBd55zmVN$AMTP022hjFc5ipbgG+eBiH3aEOaWseXRocq4lvbjYXw=	\N	f	kantengwaaurore2019086095	Aurore	auroreiligoga@gmail.com	f	t	2025-03-25 10:40:58.061866+02	\N	\N	F	\N	\N	+250786311697	\N	2019086095	KANTENGWA
784	pbkdf2_sha256$870000$roogFBIiTJ2KN6F9beMgKb$AA/HODyx6ifoSH/yuAVO2vkLLHAbxQwb+09vuvwPKW8=	\N	f	mukangwijehenriette2019086096	Henriette	kabandanahenriette08@gmail.com	f	t	2025-03-25 10:40:58.072867+02	\N	\N	F	\N	\N	+250780814597	\N	2019086096	MUKANGWIJE
785	pbkdf2_sha256$870000$S0P6ENyjbpY0l0WvUCZOIZ$0t6cH7XhEM0MR9ISpgH6IsGWR+iaVABp1XYbt/ooCjI=	\N	f	mukantakirendejulienne2019086097	Julienne	juliennebushe@gmail.com	f	t	2025-03-25 10:40:58.080836+02	\N	\N	F	\N	\N	+250786267018	\N	2019086097	MUKANTAKIRENDE
786	pbkdf2_sha256$870000$sic8r6zliTGP4Mo8bIFEdE$K5CfnsyZMOir6Ovt7qGe9uv8YOVT5KNeuOKqJkZGPaU=	\N	f	murekeyisoniange2019086098	Ange	angekaramaga@gmail.com	f	t	2025-03-25 10:40:58.091849+02	\N	\N	F	\N	\N	+250781069893	\N	2019086098	MUREKEYISONI
787	pbkdf2_sha256$870000$oKUqa5ub163RydSC4M3sI6$2/ulO7DqerN+bW/TN4eKS9xpgtjupsQXfxfsbUgkKps=	\N	f	nisingizwecharite2019086099	Charite	charitegury@gmail	f	t	2025-03-25 10:40:58.101811+02	\N	\N	F	\N	\N	+250725655200	\N	2019086099	NISINGIZWE
788	pbkdf2_sha256$870000$0qcXfDvJDyorUR4UDn4nQr$OU8r1V4EavoHu7VS6hMBqi+3VQUGv/WZ4w8jgkcHUGA=	\N	f	niyoniringiyeclarise2019088138	Clarise	clarisseniyoniringiye@gmail.com	f	t	2025-03-25 10:40:58.110805+02	1999-01-05	\N	F	\N	\N	+250789731552	\N	2019088138	NIYONIRINGIYE
789	pbkdf2_sha256$870000$5OCpcyDYWMQojqYabplCz0$HNxudsuF3ZB7d/Yv25rHkTxJq0UCkoWIRLwymGtEDyk=	\N	f	nyinawaberarachel2019088137	Rachel	rachelrutayi@gmail.com	f	t	2025-03-25 10:40:58.121853+02	1996-03-12	\N	F	\N	\N	+250780271122	\N	2019088137	NYINAWABERA
790	pbkdf2_sha256$870000$y3IjEQtpw5e4wMTMif37k4$/TbP0Pnw1zgQtw9lea7agCf5ugSBEztzKAEmoRoJIIU=	\N	f	nyiraminaniaisha2019086102	Aisha	nayaisha@gmail.com	f	t	2025-03-25 10:40:58.134056+02	2000-04-11	\N	F	\N	\N	+250780667559	\N	2019086102	NYIRAMINANI
791	pbkdf2_sha256$870000$FTxy9yp2WoFlSHrpk2R6RT$tXiF3W3OR8/FaOkDDdzjpmQGwmS2jnvACSlk0lirNNI=	\N	f	umuhozanicole2019082033	Nicole	nicoleumuhoza1999@gmail.com	f	t	2025-03-25 10:40:58.143025+02	1999-09-05	\N	F	\N	\N	+250784659724	\N	2019082033	UMUHOZA
792	pbkdf2_sha256$870000$D1OfAMMeO1llkp3uqqWoVs$Btb4dHmocJ6xbPjgNsMMmktVv2CBpcUsxUZAbedk2C8=	\N	f	uwamahoroaline2019086105	Aline	alinemahoro99@gmail.com	f	t	2025-03-25 10:40:58.153014+02	\N	\N	F	\N	\N	+250780141201	\N	2019086105	UWAMAHORO
793	pbkdf2_sha256$870000$AVcmoxP89fxjTWSh7kKWl5$qMKZwUfupLLOIeQ9RF/JWAzXD7vonSy6v1vRKK/PSB0=	\N	f	uwamahoroclaudine2019086106	Claudine	uwamahoclaudine200@gmail.com	f	t	2025-03-25 10:40:58.162979+02	\N	\N	F	\N	\N	+250781701397	\N	2019086106	UWAMAHORO
794	pbkdf2_sha256$870000$ZXh3cAFRAecUiVpC0QHBHW$+oYX4J7BZLdOkgWeRprEeIR8rvmN3dtOva7gfuFBeHs=	\N	f	uwamurengeyelouise2019086107	Louise	louiseuwam05@gmail.com	f	t	2025-03-25 10:40:58.174027+02	\N	\N	F	\N	\N	+250787883606	\N	2019086107	UWAMURENGEYE
795	pbkdf2_sha256$870000$q1v4Y2pNKdjKBDBkeFS6B3$ENJYwG60GIvu0Rsj5islgQ9RIuUxJy6tHQqOjdSM1ts=	\N	f	uwerajuliette2019086108	Juliette	julietteuwera7@gmail.com	f	t	2025-03-25 10:40:58.182987+02	1998-02-12	\N	F	\N	\N	+250782411487	\N	2019086108	UWERA
796	pbkdf2_sha256$870000$pUisFhRMs6lvuv9pMlFyCk$eJzuyqC6ptfCEcZgHJ1onxFxbzx+eyPmQW04A0HOQ4Q=	\N	f	ingabirejeanine101664	Jeanine	jingabir@asu.edu	f	t	2025-03-25 10:40:58.192031+02	1994-04-25	\N	F	\N	\N	+14807580594	\N	101664	INGABIRE
797	pbkdf2_sha256$870000$7KVGECS9IFPE3FtOZKH5cY$FknCY8eLkEL91ya7ufzgVvvmaG1f+RFKNcdhcZB+UVQ=	\N	f	irakozeestherevelyn101739	Esther Evelyn	irakozeestherevelyn101739@gmail.com	f	t	2025-03-25 10:40:58.202053+02	1995-04-15	\N	F	\N	\N	+256786225799	\N	101739	IRAKOZE
798	pbkdf2_sha256$870000$9SHiDkFOQXtngvUmcTlnMh$RSYhdEjytSAWPHAocdkjkRYymIqpBAGkx433860rqVo=	\N	f	ishimweagnes101740	Agnes	agnesishimwe@yahoo.com	f	t	2025-03-25 10:40:58.211978+02	1992-03-09	\N	F	\N	\N	+250782341363	\N	101740	ISHIMWE
799	pbkdf2_sha256$870000$1twXwCKoOq0mkU53bKmXRK$Q6qGjbHsAXae9quiuIx3WplR7GlFpFt41NCevFXaKJY=	\N	f	kalisakakyeyejane101741	Jane	janekak888@gmail.com	f	t	2025-03-25 10:40:58.221373+02	1993-10-15	\N	F	\N	\N	+250782786565	\N	101741	KALISA KAKYEYE
800	pbkdf2_sha256$870000$XhCQmU8IXaQPhvXKf18KWp$hOughpMOWcd8weTmqjX2zTYMy5LIy5ftx7ddWqxOwqE=	\N	f	kayitesijeanette101689	Jeanette	kabajean09@gmail.com	f	t	2025-03-25 10:40:58.230368+02	1992-05-20	\N	F	\N	\N	+250782495766	\N	101689	KAYITESI
801	pbkdf2_sha256$870000$xE7Ukunk3txs9MFjH5k49D$/Juo5ErSfKa0fpiuveYGqPorCPJiE6psDJQhBrh+WSU=	\N	f	kwizeraangelique101667	Angelique	kwizeraangelo2gmail.com	f	t	2025-03-25 10:40:58.242372+02	1993-06-22	\N	F	\N	\N	+250783885900	\N	101667	KWIZERA
802	pbkdf2_sha256$870000$5li7Iynk8YCGyIde6p0Ywp$9LNzL/w7uhPMQ35uVjNr4dS8Yt2mMEMp0sS5rWIrU+8=	\N	f	mukankurunzizalucie101749	Lucie	luciemukankurunziza@gmail.com	f	t	2025-03-25 10:40:58.252372+02	1994-03-24	\N	F	\N	\N	+250718722898	\N	101749	MUKANKURUNZIZA
803	pbkdf2_sha256$870000$gY68oYiDXwidQ3YW8lphjO$y5IzEITsbW5dIhioV1mo8jkwRh/6h7cQP+ZcFTOwmAU=	\N	f	murebwayirejeanette101647	Jeanette	murebwayirejeanette101647@gmail.com	f	t	2025-03-25 10:40:58.263367+02	1992-01-03	\N	F	\N	\N	+250781383116	\N	101647	MUREBWAYIRE
804	pbkdf2_sha256$870000$c29DMbl2UAfsSIEwK7oAWc$6xqrsVPEJFZnzJNd//CwSHaECOJP69/C5toZ1DdHHhA=	\N	f	umulisajeanine101701	Jeanine	umulisajeanine101701@gmail.com	f	t	2025-03-25 10:40:58.272665+02	1993-05-25	\N	F	\N	\N	+250788442255	\N	101701	UMULISA
805	pbkdf2_sha256$870000$nbDFujxkbxDR2UROMxEWyN$gW86e/EgyuySwbH+HT8gEWAlEWikVQFGPqxeIyN0Op8=	\N	f	umurunginatacha101730	Natacha	nathachau7@gmail.com	f	t	2025-03-25 10:40:58.281768+02	1993-06-12	\N	F	\N	\N	+19717084967	\N	101730	UMURUNGI
806	pbkdf2_sha256$870000$BXJqKSrN0l2OBXHdsnJL4o$Y16mEJkEtOqS2oZieiABhxsDaQLVXOvpOPv64nMm/fE=	\N	f	umutoniwasechrisbrayant101705	Chris Brayant	umutoniwasechrisbrayant101705@gmail.com	f	t	2025-03-25 10:40:58.294666+02	1992-10-20	\N	F	\N	\N	+250722975409	\N	101705	UMUTONIWASE
807	pbkdf2_sha256$870000$S9D5UZKPCI7x8HPgtYVLV0$3nOzG0Ut6s6cO0lLUVr0MLxN76akdgIgiidfrdSAkMc=	\N	f	uwamahorofurahajoyce101707	Furaha Joyce	furahaj6@gmail.com	f	t	2025-03-25 10:40:58.303709+02	1993-06-15	\N	F	\N	\N	+250727715812	\N	101707	UWAMAHORO
808	pbkdf2_sha256$870000$1mDmZisfSzDvAXc7b8UFgg$xFJtHqDrXYJlsMQhVp5gWz5xPgirGru0Bs6dyZyzC04=	\N	f	uwanyirigiratriphine101708	Triphine	triphineuwanyirigira@gmail.com	f	t	2025-03-25 10:40:58.311722+02	1993-01-08	\N	F	\N	\N	+250788393240	\N	101708	UWANYIRIGIRA
809	pbkdf2_sha256$870000$9mpijzoMuhudA3wh3AckCp$Wa2UuDctVoEVN+APyyw8R8xgL2moepcu/tUTYaIdspI=	\N	f	uwinezazilpa101659	Zilpa	zilpa259131@gmail.com	f	t	2025-03-25 10:40:58.321725+02	1992-12-08	\N	F	\N	\N	+250789861916	\N	101659	UWINEZA
810	pbkdf2_sha256$870000$LySuRh7Dnt2umJ9S5YvRd0$T8T5pjcNAGiTfLw+afe+1MQgm+47AqeJlCP74i/uUTs=	\N	f	uwinezaeuphreosine101684	Euphreosine	uwinezaeuphreosine101684@gmail.com	f	t	2025-03-25 10:40:58.330726+02	1993-07-05	\N	F	\N	\N	+250786574457	\N	101684	UWINEZA
811	pbkdf2_sha256$870000$Dv8B0CDfdpGeDjDoudHjwY$IVxEZCDdtCJ1k2Skbz2z8coTrjp6EaTCUu33MYoYqBE=	\N	f	byukusengeclaudine101830	Claudine	bclaudine9491@yahoo.com	f	t	2025-03-25 10:40:58.341909+02	1994-12-05	\N	F	\N	\N	+23773709965	\N	101830	BYUKUSENGE
812	pbkdf2_sha256$870000$tZ3UhifW230BpYqzCVQww6$2ISK/Qwoxk1Nu5BtVGxP18ZTFeMVPirNWK2Ncfz6nJw=	\N	f	kabanyanadiane101837	Diane	dianenyana@gmail.com	f	t	2025-03-25 10:40:58.351898+02	\N	\N	F	\N	\N	+09999462717657299	\N	101837	KABANYANA
813	pbkdf2_sha256$870000$UlUTIWjQrzQlp29OUh5E5t$llEYT3CIMny8py4AMwgAFvInc6QzGjTX3d4qJaWlc5s=	\N	f	muhozaceline101818	Celine	inshucelnjamilah@gmail.com	f	t	2025-03-25 10:40:58.360953+02	1905-06-16	\N	F	\N	\N	+250785153540	\N	101818	MUHOZA
814	pbkdf2_sha256$870000$r0QD5HYjV6SxjSg6LLnZlP$hMXgea7VzcHbC1Pta4MZDqUeOgqW6SmQo8C2qB0hA9A=	\N	f	mukamanasolange101870	Solange	sumwizauwimbabazisoso@yahoo.com	f	t	2025-03-25 10:40:58.369939+02	\N	\N	F	\N	\N	+250726415224	\N	101870	MUKAMANA
815	pbkdf2_sha256$870000$9w9wuusOrlY5hZp1a6pkeq$Fr97oVqQG8wZ7uOAM7rI1e3FIMl17uwBwegEM8Szs9A=	\N	f	mukarugambwaodette101841	Odette	odettendahiro@gmail.com	f	t	2025-03-25 10:40:58.378938+02	\N	\N	F	\N	\N	+250787007755	\N	101841	MUKARUGAMBWA
816	pbkdf2_sha256$870000$x67hTuUqT1Sw4GAP9uGOBG$h3jhgXSuTHy7zB7FbSMhTpGPkv9yXD4j/FChprAPQUY=	\N	f	mukeshimanageumima101871	Geumima	mukeshimanagemima@gmail.com	f	t	2025-03-25 10:40:58.389957+02	1995-06-17	\N	F	\N	\N	+250782626145	\N	101871	MUKESHIMANA
817	pbkdf2_sha256$870000$tgZskquEKZiQvOSJLpO6S7$uJl0aNI5IDpHo9WwmYTFxys5mof3xORnwDOWslgOsfM=	\N	f	munezeroclaudine102141	Claudine	claudinemunezero@yahoo.com	f	t	2025-03-25 10:40:58.402031+02	\N	\N	F	\N	\N	+250722594876	\N	102141	MUNEZERO
818	pbkdf2_sha256$870000$T04EL10S0277LNUaFSJp3o$w6lQM4MXe9np89bEJRHJlerdsy+qyaMXUz4+NxCwSJk=	\N	f	munyemanachristine101981	Christine	muchristine2014@gmail.com	f	t	2025-03-25 10:40:58.411897+02	1995-12-09	\N	F	\N	\N	+250786754358	\N	101981	MUNYEMANA
819	pbkdf2_sha256$870000$a1CdsbUaMEu45gRTtuQ6UA$E9R2wwzO2j6B4sT0tnNqrCTgHXvPMecpo1V/xXIQVb8=	\N	f	murekateteolive101903	Olive	murekateteolive1@gmail.com	f	t	2025-03-25 10:40:58.42296+02	\N	\N	F	\N	\N	+250789812549	\N	101903	MUREKATETE
820	pbkdf2_sha256$870000$3Lz0nDYxVMAx7xq8icfgMo$oVtxcCINEdtQeulyvZHzfkRI//VkE9bI+i/8O3jcccA=	\N	f	umulisajanviere101819	Janviere	umurisaj@gmail.com	f	t	2025-03-25 10:40:58.429971+02	\N	\N	F	\N	\N	+250789030653	\N	101819	UMULISA
821	pbkdf2_sha256$870000$NLvukSzk5F6RTpbPx5v3bU$ywcourdZ7DWmKJTUhbbB686DId6s3RJrXQ+RzMBiCMY=	\N	f	umutonigislaine101820	Gislaine	gislainetoni@gmail.com	f	t	2025-03-25 10:40:58.440896+02	\N	\N	F	\N	\N	+250726897471	\N	101820	UMUTONI
822	pbkdf2_sha256$870000$hBSi4nmEjsKfm8rHSppOjL$B+7GC5GwdOEUZY6S4EYJyBKVDZN2Auj4906cgZNXK5s=	\N	f	uwanyirigiramariejeanne101889	Marie Jeanne	uwanyirigiramariejeanne101889@gmail.com	f	t	2025-03-25 10:40:58.449905+02	1994-04-04	\N	F	\N	\N	+250723500296	\N	101889	UWANYIRIGIRA
823	pbkdf2_sha256$870000$Qdlqsc63RGcjxI7EW5j08H$Q35UFghd327lHHWrlrY9JiVS30lKiVS3A9AW8XA9l7Y=	\N	f	uwasedeborah101919	Deborah	duwase26@gmail.com	f	t	2025-03-25 10:40:58.459979+02	\N	\N	F	\N	\N	+250781277236	\N	101919	UWASE
824	pbkdf2_sha256$870000$FTr6eQWHooyQZG3pp0e832$/af0K8Sl6HJbdZsfyKMoz4q6OO9t2mKyCXrTWcCfK5Y=	\N	f	uweramarieclaire101922	Marie Claire	uwaraclaire7@gmail.com	f	t	2025-03-25 10:40:58.467971+02	1994-08-04	\N	F	\N	\N	+250781187001	\N	101922	UWERA
825	pbkdf2_sha256$870000$FRI0e20GGtFFmdag3Qfcde$1J4RAmT251pX3OA8hDICOenmTLm2FHG8Wbz0VN6g98k=	\N	f	uwinezafrancoise101827	Francoise	fannyuwineza27@gmail.com	f	t	2025-03-25 10:40:58.476963+02	\N	\N	F	\N	\N	+250789944386	\N	101827	UWINEZA
826	pbkdf2_sha256$870000$XtunrYzs7blkOEg0zTQWZk$G+j/MWXknjxTaV8VqrOjzqvz6ruFdnwBype6JBo8oeM=	\N	f	dushimeimmaculee2018072017	Immaculee	dushimeimmacule@gmail.com	f	t	2025-03-25 10:40:58.485021+02	1997-05-01	\N	F	\N	\N	+250788435609	\N	2018072017	DUSHIME
827	pbkdf2_sha256$870000$fGDNWVCMe9YQq3Y8a0Qpfm$Ds2JrrusMgXG0nwFk3gpusm+ywdBM8/TzlM178W7Y2k=	\N	f	inezaYouth Impact Missionanaemmanuella2018074050	Emmanuella	inezaemmanuella00@gmail.com	f	t	2025-03-25 10:40:58.495007+02	\N	\N	F	\N	\N	+250789403244	\N	2018074050	INEZAYouth Impact MissionANA
828	pbkdf2_sha256$870000$kPfOXcXW5FBYF9tO5QY4cT$fHCNe4fQuMF5RDd9j0nx3UkmiE8uli8/xSOjsWLS8qc=	\N	f	ingabirejoselyne2018074051	Joselyne	ingabirejoselyne3@gmail.com	f	t	2025-03-25 10:40:58.505038+02	1998-02-02	\N	F	\N	\N	+791187822	\N	2018074051	INGABIRE
829	pbkdf2_sha256$870000$hzDg6yuimhzyRl6vVS377A$Fq85VB2kwXcqfOFF96U5HJkfk4rf0klXnkYgfGLTjHg=	\N	f	muhimpundujesca2018074052	Jesca	jmhimpundu15@gmail.com	f	t	2025-03-25 10:40:58.51503+02	1998-07-07	\N	F	\N	\N	+250785490814	\N	2018074052	MUHIMPUNDU
830	pbkdf2_sha256$870000$0otCltrxCCMXRIYGUEpHYq$jIaBgQxL25s4RnD3P9+5HhWmfIVR8NqCBf437cD2jfk=	\N	f	mumararungudiane2018074060	Diane	mumararungufiette@gmail.com	f	t	2025-03-25 10:40:58.525989+02	1998-08-14	\N	F	\N	\N	+250780619872	\N	2018074060	MUMARARUNGU
831	pbkdf2_sha256$870000$EUyAa2NfVW6d27jGJO7N15$3emBJoKGFLRX/9Kpga352umPEmoPMUhqN5SlKWK+dI0=	\N	f	munyanaaline2022116119	Aline	munyanaaline1998@gmail.com	f	t	2025-03-25 10:40:58.53497+02	1998-06-07	\N	F	\N	\N	+250784614980	\N	2022116119	MUNYANA
832	pbkdf2_sha256$870000$aKoXb8E9RT9nhyNpQgSRc7$bnoPmTlAqPMH5H9oVrT6CMDMP0Dre1XhGpfi2bRhPWs=	\N	f	musangojoyeuse2018074054	Joyeuse	joycemusango@gmail.com	f	t	2025-03-25 10:40:58.544972+02	\N	\N	F	\N	\N	+1617544104	\N	2018074054	MUSANGO
833	pbkdf2_sha256$870000$gg58VUTefaVTIiz0XNqYwY$C1GEz0gVEcda//cndo2hwaE2RLnzNCBKJoECOkFd2jo=	\N	f	mushimireprovidence2018074055	Providence	providencemushire@gmail.com	f	t	2025-03-25 10:40:58.553464+02	1995-06-25	\N	F	\N	\N	+250780322881	\N	2018074055	MUSHIMIRE
834	pbkdf2_sha256$870000$Ip76EbYn9dUEzRWimTtzVj$dAypvzcquTMbqQsayA6z0+MeSqmsVF2oldVAsHXK7Mc=	\N	f	mushimiYouth Impact Missionanaanathalie2018074056	Anathalie	mushimimanaanathalie11@gmail.com	f	t	2025-03-25 10:40:58.561522+02	1994-01-11	\N	F	\N	\N	+250784214638	\N	2018074056	MUSHIMIYouth Impact MissionANA
835	pbkdf2_sha256$870000$IL5FyEKV5GTTsOS6gKxfhV$yVzCzf3uF0yRs7gyzK6CfcJkRCgKcWagdaf/KPbQoDA=	\N	f	mutesimary2018074057	Mary	mutesirose@gmail.com	f	t	2025-03-25 10:40:58.572521+02	\N	\N	F	\N	\N	+250787923642	\N	2018074057	MUTESI
836	pbkdf2_sha256$870000$fv7mwYFIbNRPdfYV2ga6MB$mzbAxGkGHepzrv5t4boiBDW8/YjCN8voe2UiCA9YcHk=	\N	f	niyomuhozaanitha2018074061	Anitha	anithaniyomuhoza@gmail.com	f	t	2025-03-25 10:40:58.582469+02	\N	\N	F	\N	\N	+250789848151	\N	2018074061	NIYOMUHOZA
837	pbkdf2_sha256$870000$ktobCCqos7zWcVFR8n16ze$jXY1xymnAvv9ILyr3TRl9Znr2uwujTNnp+1kM5tANgw=	\N	f	nyiradamarijuliet2018074058	Juliet	nyiradamari@gmail.com	f	t	2025-03-25 10:40:58.591461+02	1998-06-07	\N	F	\N	\N	+250725610157	\N	2018074058	NYIRADAMARI
838	pbkdf2_sha256$870000$ZqLeJkbZEklNiJa5mGPT1f$KlwNWocxBcW/rEBP+nDXruAN8w2N8/leXO3Q+Xc1DN8=	\N	f	tuyisengejeanne2018074059	Jeanne	tuyisengejeanne@gmail.com	f	t	2025-03-25 10:40:58.599463+02	1994-04-17	\N	F	\N	\N	+250788395006	\N	2018074059	TUYISENGE
839	pbkdf2_sha256$870000$I8qjALy7MHQqiEce37FADt$uREnRHjgXMouTpoNg+bcDlmMS/4RTkhRfhBksWLVnbs=	\N	f	umutoniwabodenyse2018074062	Denyse	denyseumutoniwabo@gmail.com	f	t	2025-03-25 10:40:58.60947+02	1998-11-01	\N	F	\N	\N	+97150936541	\N	2018074062	UMUTONIWABO
840	pbkdf2_sha256$870000$OQEdtoKQF3GthNIFCHyYN2$ylGMXQ1H0085U4jHjQQKPql437NuzLG5tziWO9iJypk=	\N	f	uwerastephanie2018074063	Stephanie	uwerafiette@gmail.com	f	t	2025-03-25 10:40:58.61952+02	1998-05-15	\N	F	\N	\N	+250787014876	\N	2018074063	UWERA
841	pbkdf2_sha256$870000$P1WjXWKKjC6gHGfNS6sxYj$DA2iULK25qvcYgKQsgzITquwzXlr5figV1j2I/bK3ZU=	\N	f	uwingeneyeclarisse2018074064	Clarisse	clarisseuwingeneye97@gmail.com	f	t	2025-03-25 10:40:58.627456+02	1997-05-15	\N	F	\N	\N	+250782415292	\N	2018074064	UWINGENEYE
842	pbkdf2_sha256$870000$oL6Hug8rKiHnXEOKCjwqQ6$/Po4L3I3RT+qqGaSEW/QGtZR+wyFYkTRtfBedsILEX8=	\N	f	furahahonorine101936	Honorine	furahahonorine@gmail.com	f	t	2025-03-25 10:40:58.634462+02	\N	\N	F	\N	\N	+250788456149	\N	101936	FURAHA
843	pbkdf2_sha256$870000$2XdhGOckaOSuSVQPIHRZv6$Q5f8CdzrafxBwSBuhN+xRdO8kdQhH+64slyZW9QNbKU=	\N	f	imanizabayochantal101940	Chantal	imanizabayo.chantal@yahoo.com	f	t	2025-03-25 10:40:58.641459+02	\N	\N	F	\N	\N	+250727610491	\N	101940	IMANIZABAYO
844	pbkdf2_sha256$870000$4y7njBSTRltvZO6OXh35Ut$qIjlHFjmBaA/HL9ZjToa5LTx4Y2vbWwAFEmzI5fzImw=	\N	f	kuramukobwaalice101942	Alice	k.alicekgl1996@gmail.com	f	t	2025-03-25 10:40:58.64746+02	\N	\N	F	\N	\N	+250782226576	\N	101942	KURAMUKOBWA
845	pbkdf2_sha256$870000$Qa0vv598EGPjntjsPjXkeB$WZ+55v7AOPfKFCn5DMSNGdPdw4jr1KwbRx1nJJSZT2U=	\N	f	mujawayesuhappiness102009	Happiness	happinessm@gmail.com	f	t	2025-03-25 10:40:58.658203+02	\N	\N	F	\N	\N	+250780909343	\N	102009	MUJAWAYESU
846	pbkdf2_sha256$870000$1ieEdFXdJ0bNaOiCexSMEN$nwP67tfhE9qL+I3GARP6sKEqsVuj5d3eGimAtYY9Yug=	\N	f	mukazanasamilla102052	Samilla	mukazanasamira1@gmail.com	f	t	2025-03-25 10:40:58.666858+02	\N	\N	F	\N	\N	+250780419434	\N	102052	MUKAZANA
847	pbkdf2_sha256$870000$OKwtCKUSv2i4I38oEeXckZ$eScNaMBFD4GK36NziECWDYzYRx+NiBF0jPYIhcXbZ44=	\N	f	murebwayireagnes102013	Agnes	agnesmurebwayire@gmail.com	f	t	2025-03-25 10:40:58.673721+02	1994-01-01	\N	F	\N	\N	+250780571403	\N	102013	MUREBWAYIRE
848	pbkdf2_sha256$870000$YyZg5E4SEXKdKNdBC2fJHQ$qyfaOujjLYnC/dcBvEVnZDgI55440cQLGrgxSZREw80=	\N	f	mutesinoeline102039	Noeline	mutesinoelineh@gmail.com	f	t	2025-03-25 10:40:58.679675+02	\N	\N	F	\N	\N	+250786437076	\N	102039	MUTESI
849	pbkdf2_sha256$870000$5efOwWDgQXsViQXtYljHXV$kktgIssOg08k93cESavqUxrxwOCQUB4tJpr31ub3Ews=	\N	f	udusanzeadelaide101989	Adelaide	udusanzekbn@gmail.com	f	t	2025-03-25 10:40:58.687096+02	\N	\N	F	\N	\N	+250783255612	\N	101989	UDUSANZE
850	pbkdf2_sha256$870000$CmpdImBSjti43a9uXiAT3p$pBlNiYUbbT6u/m1ZXUwZKeBzrc97q1lfto2JPnNTwpE=	\N	f	umubyeyigrace101961	Grace	blurace123@gmail.com	f	t	2025-03-25 10:40:58.692097+02	\N	\N	F	\N	\N	+250785651430	\N	101961	UMUBYEYI
851	pbkdf2_sha256$870000$S0nk0ILoUQsHaguJq4NwTR$nE+Rsrzz7+jbDVLZ21l9zeDXqqxnHm+IuJk9Q8mqytk=	\N	f	urutesirwanzizaornella101992	Ornella	ornerwa19@gmail.com	f	t	2025-03-25 10:40:58.699273+02	\N	\N	F	\N	\N	+14243433914	\N	101992	URUTESI RWANZIZA
852	pbkdf2_sha256$870000$SDmifktWPWWbuoKBq2afOi$iQsh6mXO7TgUiLWwSO2J5yuEgw/coi6L6H19UL788ZY=	\N	f	uwabasingaviolette102020	Violette	vuwabasinga@gmail.com	f	t	2025-03-25 10:40:58.707341+02	\N	\N	F	\N	\N	+787835367	\N	102020	UWABASINGA
853	pbkdf2_sha256$870000$LQVA29wAWztkRS21LXsiL4$PpM3QDOPbcgCqDvIJEsUU8EwskI6IK9NiExOAP65C7o=	\N	f	uwamahorodelphine102021	Delphine	kamonyialine@gmail.com	f	t	2025-03-25 10:40:58.712372+02	\N	\N	F	\N	\N	+781783617	\N	102021	UWAMAHORO
854	pbkdf2_sha256$870000$EQZ7qpOqzi7yQDLcUXae1E$LHnrhUj8XuA57OodDvCESR8VfECXEDtJEBl47cE2vCs=	\N	f	uwerajosiane102024	Josiane	jouwera95@gmail.com	f	t	2025-03-25 10:40:58.719294+02	1995-03-05	\N	F	\N	\N	+250725211289	\N	102024	UWERA
855	pbkdf2_sha256$870000$dYRtVVoAptlVuhGuwtKnee$1e/++c5S+nthpxUiA1Zq31VRFDt4qpOQmwWErp8OJ50=	\N	f	uwimanayvonne102058	Yvonne	uwimana.yvonne1996@gmail.com	f	t	2025-03-25 10:40:58.725558+02	\N	\N	F	\N	\N	+250785071442	\N	102058	UWIMANA
856	pbkdf2_sha256$870000$GwJwQplUApSdQ5pqTL1Hfx$DYMGROSUD357YvrsWHEjLNbqmLq5tPhGBKY7rzfJhL4=	\N	f	akimpundubelyse2023122025	Belyse	akimpundubelyse@gmail.com	f	t	2025-03-25 10:40:58.733643+02	\N	\N	F	\N	\N	+783166329	\N	2023122025	AKIMPUNDU
857	pbkdf2_sha256$870000$up1RdY9nggqgmMLs62b8Qy$8prETe1X9/BtMvJkRZT98kqxORkhWlsmqPxQL7g6Ly0=	\N	f	asiimweteteroesthernyllah2023122026	Esther Nyllah	teteroesther@gmail.com	f	t	2025-03-25 10:40:58.742551+02	\N	\N	F	\N	\N	+250798644592	\N	2023122026	Asiimwe Tetero
858	pbkdf2_sha256$870000$68FjDgZWNUqKmI3bnMs456$sN3dbXlT30RSc6qUpDjh6C+30yVPjz4rlzWrXA0f3Y4=	\N	f	ingabireemelyne2023122028	Emelyne	iemelyne021@gmail.com	f	t	2025-03-25 10:40:58.75058+02	2002-01-01	\N	F	\N	\N	+781144047	\N	2023122028	Ingabire
859	pbkdf2_sha256$870000$3jt2gZNFiwVQ047w2PUTq3$C2K9PbOdo66wkcTl3iyXeh6Zvm2CZ/FCFUMQL5cg85U=	\N	f	iradukundarisette2023122029	Risette	iradukundarisette@gmail.com	f	t	2025-03-25 10:40:58.759408+02	\N	\N	F	\N	\N	+793096119	\N	2023122029	IRADUKUNDA
860	pbkdf2_sha256$870000$1YsloLUpRaO56G01mPKPUK$2niRoRp7L0sSDoOmIVilelkSZWJnIvvuljBUPBUloZg=	\N	f	irakozedenyse2023122030	Denyse	denirakoze21gmail.com	f	t	2025-03-25 10:40:58.765398+02	\N	\N	F	\N	\N	+2222222222	\N	2023122030	Irakoze
861	pbkdf2_sha256$870000$GxmhKcMEWJEWGUn5Vhl2P7$uiZle+yUxLHVkTpYJXYMy7w/QC7SDah8ySQkzBVggF8=	\N	f	ishimwedivine2023122031	Divine	iishimwedivine81@gmail.com	f	t	2025-03-25 10:40:58.774223+02	2003-01-07	\N	F	\N	\N	+786270684	\N	2023122031	ISHIMWE
862	pbkdf2_sha256$870000$TWFsItH4gzqzO1PKcfGtYu$85bGTpIaWuXpI6ASVjvXFpDsyq2a2/caTs0cdejEIes=	\N	f	kabatesialine2023122032	Aline	alinekabatesi19gmail.cm	f	t	2025-03-25 10:40:58.780276+02	\N	\N	F	\N	\N	+790748178	\N	2023122032	KABATESI
863	pbkdf2_sha256$870000$1i6Bxn2I1UwB2T13BR0h3X$/6xWkwMiFChLj0SDN1eebuMsWx+B8unYo70+Z2o5F+s=	\N	f	mugwanezaceline2023122033	Celine	celinemugwaneza@gmail.com	f	t	2025-03-25 10:40:58.788374+02	\N	\N	F	\N	\N	+783929847	\N	2023122033	MUGWANEZA
864	pbkdf2_sha256$870000$8Sm3b2yw6mOhSftjcvqjh2$uVffIcXsNF3JR/6usa6b+sV7vi9FewusgIvnOpr0jTc=	\N	f	muhaYouth Impact Missionpunduanitha2023122034	anitha	muhayouth impact missionpunduanitha2@gmail.com	f	t	2025-03-25 10:40:58.796279+02	\N	\N	F	\N	\N	+785955760	\N	2023122034	MuhaYouth Impact Missionpundu
865	pbkdf2_sha256$870000$oV0ULeSfz5hxY3jF1J6cTp$WVptsf19DJiSOo9Tt0Wba7j8bY49RV88WwS6+YPGt8w=	\N	f	mukarusagaraemertha2023122036	Emertha	mmertha12@gmail.com	f	t	2025-03-25 10:40:58.804552+02	\N	\N	F	\N	\N	+794552330	\N	2023122036	Mukarusagara
866	pbkdf2_sha256$870000$RRaHhfLzNix7OQCzbBLL98$8AvMSLUODokAP9MH+VMDCNjB2NwpYeudOl8AyhLVS+o=	\N	f	nshongoredinah2023122037	Dinah	nshongoredinah@gmail.com	f	t	2025-03-25 10:40:58.811246+02	2003-11-11	\N	F	\N	\N	+3333333333	\N	2023122037	Nshongore
867	pbkdf2_sha256$870000$Yevxh4W79FfApiP1fUcvBo$EBrAGnvypyylza62/Lec+x6ljNKeRkAZSAhqgL1Z7BY=	\N	f	tetakeillah2023122130	Keillah	tkeillah111@gmail.com	f	t	2025-03-25 10:40:58.821196+02	\N	\N	F	\N	\N	+786868224	\N	2023122130	TETA
868	pbkdf2_sha256$870000$7qJ29YYqV5VtSdwvvoNM6t$PvzcJ+Gay7L/2YMxSLXbdEpupnADqZ2rLwVfsadrQz4=	\N	f	tuyizeremilliam2023122038	Milliam	tuyizeremilliam@gmail.com	f	t	2025-03-25 10:40:58.829194+02	\N	\N	F	\N	\N	+787233148	\N	2023122038	TUYIZERE
869	pbkdf2_sha256$870000$yoSWUT3nXMRnzjPV4UsMDG$E6PHfxVaNXKSTVlpB58Rl/NC7K1vSsHc0gJR7+4xsJM=	\N	f	umutonideborah2023122039	Deborah	deborahumutoni301@gmail.com	f	t	2025-03-25 10:40:58.839226+02	\N	\N	F	\N	\N	+783643188	\N	2023122039	UMUTONI
870	pbkdf2_sha256$870000$pxbP29s0sU3hryBFCKPI1n$esMO/2/+lowE/eFeH7IOJLt//ExSPJOrLjzvJxbHRQ8=	\N	f	uwaseanitha2023122040	Anitha	anithauwase11@gmail.com	f	t	2025-03-25 10:40:58.848265+02	2025-03-10	\N	F	\N	\N	+790109599	\N	2023122040	Uwase
871	pbkdf2_sha256$870000$MYU8doiVEPEuVuyK2sGJ5I$cwlDduQYtGol32Kob52pTGecdntrdqciK+7Sp5neOE0=	\N	f	uwasekevine2023122041	Kevine	uwasekevine49@gmail.com	f	t	2025-03-25 10:40:58.858258+02	\N	\N	F	\N	\N	+788234799	\N	2023122041	UWASE
872	pbkdf2_sha256$870000$ub15H3iPVN4izR1YXvfGzF$6UxknPzItBK0hmoXRFzNAoP946EWSRqrfiE5KJZMqlo=	\N	f	uwinezasharon2023122042	Sharon	uwinezasharon45@gmail.com	f	t	2025-03-25 10:40:58.867281+02	\N	\N	F	\N	\N	+795113085	\N	2023122042	UWINEZA
873	pbkdf2_sha256$870000$KH9bWeifTA7a73SSitSg3J$e3qjd2mkjXhewwnXLv79e3r/cgsEcIUXJtuw1S3pML8=	\N	f	uwingeneyejoselyne2023122043	Joselyne	uwingeneyejoselyne57@gmail.com	f	t	2025-03-25 10:40:58.87726+02	\N	\N	F	\N	\N	+791570594	\N	2023122043	Uwingeneye
874	pbkdf2_sha256$870000$IgZYGlAvozFa7rtAtU7DLP$uOPfgDzfxHhjlEGlAnJyy5Hx4d/0DWuJMVTlSNwMlFo=	\N	f	uwurukundojeannine2023122129	Jeannine	uwurukundojeannine20@gmail.com	f	t	2025-03-25 10:40:58.885751+02	2004-09-05	\N	F	\N	\N	+4444444444	\N	2023122129	Uwurukundo
875	pbkdf2_sha256$870000$oKPoCm9xy27WOHSzedlpiO$5VK+N/OMQjiwJaGmFpDUCM25U8CN/aqyIcd+LtvMJ1Q=	\N	f	akalizasandra102064	Sandra	sandraakariza@gmail.com	f	t	2025-03-25 10:40:58.893762+02	\N	\N	F	\N	\N	+250781520852	\N	102064	AKALIZA
876	pbkdf2_sha256$870000$KMvXu9oG0GnZWPyn0sIGDz$BODOP1OFhJydnag1sQj9bhVeBSJE3uoxZMyGA2fQPw4=	\N	f	akalizaanitha102096	Anitha	akariza32@gmail.com	f	t	2025-03-25 10:40:58.906739+02	1997-01-01	\N	F	\N	\N	+788328617	\N	102096	AKALIZA
877	pbkdf2_sha256$870000$2vPVqVEz6Ww2qZ511XJWzr$qfhCpf5JzKZkuCalsfDuJhjK5q8OvNpli+3lR6i7TqI=	\N	f	izabayodiane102097	Diane	diazabayo@gmail.com	f	t	2025-03-25 10:40:58.917692+02	\N	\N	F	\N	\N	+250725387584	\N	102097	IZABAYO
878	pbkdf2_sha256$870000$gBbII3oKdQZwQa8cLAcxdi$K4GD5GnSbBDl9LK0IMkZ9Ad46nPcab9P1gBtGC6oC8g=	\N	f	mahoroodeth102099	Odeth	oddymahorro@gmail.com	f	t	2025-03-25 10:40:58.927101+02	\N	\N	F	\N	\N	+15854783529	\N	102099	MAHORO
879	pbkdf2_sha256$870000$kKSGykYPk9fCrawhL8x6rH$953iofeCh2DPvGaoRm1e+2lOwTaYdn5vC3HChgukaDw=	\N	f	mugeniinnocent102134	Innocent	mugeniinnocente@gmail.com	f	t	2025-03-25 10:40:58.938106+02	1996-04-10	\N	F	\N	\N	+785660682	\N	102134	MUGENI
880	pbkdf2_sha256$870000$WV2UZ1CIDrDyw2v2CN6gxb$r0EeQ809BuBzCdP+E8cWXJu9VIKuI1p/DMmt1HBPU+I=	\N	f	munezeromireille20125	Mireille	mireille.muneza@gmail.com	f	t	2025-03-25 10:40:58.947061+02	1996-10-10	\N	F	\N	\N	+250787043711	\N	20125	MUNEZERO
881	pbkdf2_sha256$870000$Ju1bif0rQy4zaKh0oeLyfl$RSnOAToTIPMDqAFWhpkrtD1VE7SWgzfOTxgkRjLJAqs=	\N	f	munezerochristella102171	Christella	munezero.christella87@gmail.com	f	t	2025-03-25 10:40:58.958313+02	\N	\N	F	\N	\N	+250786277083	\N	102171	MUNEZERO
882	pbkdf2_sha256$870000$CiOzm00PlcBhmRZVxaRUBd$sKQSw/fNUq2WtcqAy0BtNAapZg82o9html78UqnCBIk=	\N	f	niyomungeritheonestine102143	Theonestine	niyomungeri12@gmail.com	f	t	2025-03-25 10:40:58.965311+02	1993-01-01	\N	M	\N	\N	+250723110759	\N	102143	NIYOMUNGERI
883	pbkdf2_sha256$870000$ARArtrLaHTpOyNe9ee7gpj$slQngb1PY7Ad0uhlMYaUbMIC6hjUNsRewxWG4zHWG64=	\N	f	tuyisengeflorida102089	Florida	flo.tuyisenge@gmail.com	f	t	2025-03-25 10:40:58.975371+02	\N	\N	F	\N	\N	+919173642608	\N	102089	TUYISENGE
884	pbkdf2_sha256$870000$S1rozGpBrtcid8MRYJ2orA$pJNxLFBbsNSu+2ORu1JnVpJ+vyikLIJ9ipSLed5n+wU=	\N	f	tuyisengejosiane102182	Josiane	rosinetuyie@gmail.com	f	t	2025-03-25 10:40:58.982355+02	\N	\N	F	\N	\N	+250787651084	\N	102182	TUYISENGE
885	pbkdf2_sha256$870000$mBPWM1ZZrBdsQkWSve5Ops$PsxALa2ivnHyagCzFem29JC9aqp2XC/Y8VIwQf8cxX4=	\N	f	twagiramariyagrace102185	Grace	igihozograce12@gmail.com	f	t	2025-03-25 10:40:58.990915+02	1997-10-07	\N	F	\N	\N	+250782552227	\N	102185	TWAGIRAMARIYA
886	pbkdf2_sha256$870000$c3F9eYdEU9slNnjXckmend$iHjDdcRs5E0t+8judypcZnUmxAlLZ+0UMpSudyqMV34=	\N	f	umutoninatacha102093	Natacha	umutacha@gmail.com	f	t	2025-03-25 10:40:58.996867+02	1998-08-02	\N	F	\N	\N	+250781712403	\N	102093	UMUTONI
887	pbkdf2_sha256$870000$iuzJ3gOip6UtPSbWa4EtsC$W3ro1DKHTj4cGsq0hxWR/fMLAnPf4xirZcRYgNPdofg=	\N	f	uwimbabazieuphrosine102122	Euphrosine	euprosineuwimbabazi00@gmail.com	f	t	2025-03-25 10:40:59.005859+02	\N	\N	F	\N	\N	+798406948	\N	102122	UWIMBABAZI
888	pbkdf2_sha256$870000$arXOQg2XHK3aOxEBo9Yevb$EHVq2kMllnJObyR9PGoqDcBPaTVQ6R7fSdY8OwsKU1w=	\N	f	uwimbabaziclarisse102191	Clarisse	clarisse.mbabazi@gmail.com	f	t	2025-03-25 10:40:59.010915+02	1994-01-01	\N	F	\N	\N	+18037167759	\N	102191	UWIMBABAZI
889	pbkdf2_sha256$870000$VKmvb5Ipa3Dr7vxMgpuOH7$skCDW7xW92p5RLq5qfGQcq6mQB4jU43Ul7HLDXe6wp0=	\N	f	uwinezajeannette102124	Jeannette	uwineza.jeannette123@gmail.com	f	t	2025-03-25 10:40:59.018921+02	\N	\N	F	\N	\N	+250722645593	\N	102124	UWINEZA
890	pbkdf2_sha256$870000$GmfElthHsK5ZMLvCPdHlrE$4Jhl5BtmVb3/fUSLNe5tJnjI8lBIv7a1RSW/wQjieEY=	\N	f	uwinezaassoumpta102189	Assoumpta	assoumpta.uwineza@gmail.com	f	t	2025-03-25 10:40:59.025893+02	\N	\N	F	\N	\N	+250787656252	\N	102189	UWINEZA
\.


--
-- TOC entry 3536 (class 0 OID 35768)
-- Dependencies: 227
-- Data for Name: api_user_groups; Type: TABLE DATA; Schema: public; Owner: postgres
--

COPY public.api_user_groups (id, user_id, group_id) FROM stdin;
\.


--
-- TOC entry 3538 (class 0 OID 35774)
-- Dependencies: 229
-- Data for Name: api_user_user_permissions; Type: TABLE DATA; Schema: public; Owner: postgres
--

COPY public.api_user_user_permissions (id, user_id, permission_id) FROM stdin;
\.


--
-- TOC entry 3530 (class 0 OID 35718)
-- Dependencies: 221
-- Data for Name: auth_group; Type: TABLE DATA; Schema: public; Owner: postgres
--

COPY public.auth_group (id, name) FROM stdin;
\.


--
-- TOC entry 3532 (class 0 OID 35726)
-- Dependencies: 223
-- Data for Name: auth_group_permissions; Type: TABLE DATA; Schema: public; Owner: postgres
--

COPY public.auth_group_permissions (id, group_id, permission_id) FROM stdin;
\.


--
-- TOC entry 3528 (class 0 OID 35712)
-- Dependencies: 219
-- Data for Name: auth_permission; Type: TABLE DATA; Schema: public; Owner: postgres
--

COPY public.auth_permission (id, name, content_type_id, codename) FROM stdin;
1	Can add log entry	1	add_logentry
2	Can change log entry	1	change_logentry
3	Can delete log entry	1	delete_logentry
4	Can view log entry	1	view_logentry
5	Can add permission	2	add_permission
6	Can change permission	2	change_permission
7	Can delete permission	2	delete_permission
8	Can view permission	2	view_permission
9	Can add group	3	add_group
10	Can change group	3	change_group
11	Can delete group	3	delete_group
12	Can view group	3	view_group
13	Can add content type	4	add_contenttype
14	Can change content type	4	change_contenttype
15	Can delete content type	4	delete_contenttype
16	Can view content type	4	view_contenttype
17	Can add session	5	add_session
18	Can change session	5	change_session
19	Can delete session	5	delete_session
20	Can view session	5	view_session
21	Can add user	6	add_user
22	Can change user	6	change_user
23	Can delete user	6	delete_user
24	Can view user	6	view_user
25	Can add family	7	add_family
26	Can change family	7	change_family
27	Can delete family	7	delete_family
28	Can view family	7	view_family
29	Can add grade	8	add_grade
30	Can change grade	8	change_grade
31	Can delete grade	8	delete_grade
32	Can view grade	8	view_grade
33	Can add leap	9	add_leap
34	Can change leap	9	change_leap
35	Can delete leap	9	delete_leap
36	Can view leap	9	view_leap
37	Can add academic level	10	add_academiclevel
38	Can change academic level	10	change_academiclevel
39	Can delete academic level	10	delete_academiclevel
40	Can view academic level	10	view_academiclevel
41	Can add national subject result	11	add_nationalsubjectresult
42	Can change national subject result	11	change_nationalsubjectresult
43	Can delete national subject result	11	delete_nationalsubjectresult
44	Can view national subject result	11	view_nationalsubjectresult
45	Can add kid academics	12	add_kidacademics
46	Can change kid academics	12	change_kidacademics
47	Can delete kid academics	12	delete_kidacademics
48	Can view kid academics	12	view_kidacademics
49	Can add kid	13	add_kid
50	Can change kid	13	change_kid
51	Can delete kid	13	delete_kid
52	Can view kid	13	view_kid
53	Can add subject	14	add_subject
54	Can change subject	14	change_subject
55	Can delete subject	14	delete_subject
56	Can view subject	14	view_subject
57	Can add combination	15	add_combination
58	Can change combination	15	change_combination
59	Can delete combination	15	delete_combination
60	Can view combination	15	view_combination
\.


--
-- TOC entry 3540 (class 0 OID 35809)
-- Dependencies: 231
-- Data for Name: django_admin_log; Type: TABLE DATA; Schema: public; Owner: postgres
--

COPY public.django_admin_log (id, action_time, object_id, object_repr, action_flag, change_message, content_type_id, user_id) FROM stdin;
1	2025-02-11 10:44:58.324718+02	1	ngendajo	2	[{"changed": {"fields": ["Email", "Email1", "Phone", "Phone1", "Dob"]}}]	6	1
\.


--
-- TOC entry 3526 (class 0 OID 35704)
-- Dependencies: 217
-- Data for Name: django_content_type; Type: TABLE DATA; Schema: public; Owner: postgres
--

COPY public.django_content_type (id, app_label, model) FROM stdin;
1	admin	logentry
2	auth	permission
3	auth	group
4	contenttypes	contenttype
5	sessions	session
6	api	user
7	api	family
8	api	grade
9	api	leap
10	api	academiclevel
11	api	nationalsubjectresult
12	api	kidacademics
13	api	kid
14	api	subject
15	api	combination
\.


--
-- TOC entry 3524 (class 0 OID 35696)
-- Dependencies: 215
-- Data for Name: django_migrations; Type: TABLE DATA; Schema: public; Owner: postgres
--

COPY public.django_migrations (id, app, name, applied) FROM stdin;
1	contenttypes	0001_initial	2025-02-11 09:26:28.240956+02
2	contenttypes	0002_remove_content_type_name	2025-02-11 09:26:28.263057+02
3	auth	0001_initial	2025-02-11 09:26:28.364359+02
4	auth	0002_alter_permission_name_max_length	2025-02-11 09:26:28.371891+02
5	auth	0003_alter_user_email_max_length	2025-02-11 09:26:28.379104+02
6	auth	0004_alter_user_username_opts	2025-02-11 09:26:28.389089+02
7	auth	0005_alter_user_last_login_null	2025-02-11 09:26:28.395023+02
8	auth	0006_require_contenttypes_0002	2025-02-11 09:26:28.397969+02
9	auth	0007_alter_validators_add_error_messages	2025-02-11 09:26:28.410009+02
10	auth	0008_alter_user_username_max_length	2025-02-11 09:26:28.418754+02
11	auth	0009_alter_user_last_name_max_length	2025-02-11 09:26:28.426865+02
12	auth	0010_alter_group_name_max_length	2025-02-11 09:26:28.441618+02
13	auth	0011_update_proxy_permissions	2025-02-11 09:26:28.44704+02
14	auth	0012_alter_user_first_name_max_length	2025-02-11 09:26:28.459148+02
15	api	0001_initial	2025-02-11 09:26:28.555875+02
16	admin	0001_initial	2025-02-11 09:26:28.589852+02
17	admin	0002_logentry_remove_auto_add	2025-02-11 09:26:28.59839+02
18	admin	0003_logentry_add_action_flag_choices	2025-02-11 09:26:28.613215+02
19	sessions	0001_initial	2025-02-11 09:26:28.643058+02
20	api	0002_alter_user_managers_remove_user_last_name_user_dob_and_more	2025-02-11 10:29:46.321585+02
21	api	0003_family_grade_user_email_email1_unique_and_more	2025-02-12 14:33:55.734944+02
22	api	0004_family_grade	2025-02-13 14:19:29.461948+02
23	api	0005_leap	2025-02-17 09:56:40.708597+02
24	api	0006_academiclevel_combination_subject_kid_kidacademics_and_more	2025-02-18 14:00:37.746973+02
25	api	0007_alter_kidacademics_level_kid_family_and_more	2025-02-21 07:43:41.018138+02
26	api	0008_alter_user_phone_alter_user_phone1	2025-03-05 09:20:31.290542+02
27	api	0009_alter_user_dob	2025-03-05 10:23:09.66164+02
28	api	0010_alter_user_phone_alter_user_phone1	2025-03-25 10:38:11.070023+02
\.


--
-- TOC entry 3541 (class 0 OID 35829)
-- Dependencies: 232
-- Data for Name: django_session; Type: TABLE DATA; Schema: public; Owner: postgres
--

COPY public.django_session (session_key, session_data, expire_date) FROM stdin;
\.


--
-- TOC entry 3565 (class 0 OID 0)
-- Dependencies: 239
-- Name: api_combination_id_seq; Type: SEQUENCE SET; Schema: public; Owner: postgres
--

SELECT pg_catalog.setval('public.api_combination_id_seq', 1, true);


--
-- TOC entry 3566 (class 0 OID 0)
-- Dependencies: 233
-- Name: api_family_id_seq; Type: SEQUENCE SET; Schema: public; Owner: postgres
--

SELECT pg_catalog.setval('public.api_family_id_seq', 115, true);


--
-- TOC entry 3567 (class 0 OID 0)
-- Dependencies: 235
-- Name: api_grade_id_seq; Type: SEQUENCE SET; Schema: public; Owner: postgres
--

SELECT pg_catalog.setval('public.api_grade_id_seq', 17, true);


--
-- TOC entry 3568 (class 0 OID 0)
-- Dependencies: 243
-- Name: api_kid_id_seq; Type: SEQUENCE SET; Schema: public; Owner: postgres
--

SELECT pg_catalog.setval('public.api_kid_id_seq', 809, true);


--
-- TOC entry 3569 (class 0 OID 0)
-- Dependencies: 249
-- Name: api_kid_leaps_id_seq; Type: SEQUENCE SET; Schema: public; Owner: postgres
--

SELECT pg_catalog.setval('public.api_kid_leaps_id_seq', 5405, true);


--
-- TOC entry 3570 (class 0 OID 0)
-- Dependencies: 245
-- Name: api_kidacademics_id_seq; Type: SEQUENCE SET; Schema: public; Owner: postgres
--

SELECT pg_catalog.setval('public.api_kidacademics_id_seq', 1, false);


--
-- TOC entry 3571 (class 0 OID 0)
-- Dependencies: 237
-- Name: api_leap_id_seq; Type: SEQUENCE SET; Schema: public; Owner: postgres
--

SELECT pg_catalog.setval('public.api_leap_id_seq', 108, true);


--
-- TOC entry 3572 (class 0 OID 0)
-- Dependencies: 247
-- Name: api_nationalsubjectresult_id_seq; Type: SEQUENCE SET; Schema: public; Owner: postgres
--

SELECT pg_catalog.setval('public.api_nationalsubjectresult_id_seq', 1, false);


--
-- TOC entry 3573 (class 0 OID 0)
-- Dependencies: 241
-- Name: api_subject_id_seq; Type: SEQUENCE SET; Schema: public; Owner: postgres
--

SELECT pg_catalog.setval('public.api_subject_id_seq', 1, true);


--
-- TOC entry 3574 (class 0 OID 0)
-- Dependencies: 226
-- Name: api_user_groups_id_seq; Type: SEQUENCE SET; Schema: public; Owner: postgres
--

SELECT pg_catalog.setval('public.api_user_groups_id_seq', 1, false);


--
-- TOC entry 3575 (class 0 OID 0)
-- Dependencies: 224
-- Name: api_user_id_seq; Type: SEQUENCE SET; Schema: public; Owner: postgres
--

SELECT pg_catalog.setval('public.api_user_id_seq', 890, true);


--
-- TOC entry 3576 (class 0 OID 0)
-- Dependencies: 228
-- Name: api_user_user_permissions_id_seq; Type: SEQUENCE SET; Schema: public; Owner: postgres
--

SELECT pg_catalog.setval('public.api_user_user_permissions_id_seq', 1, false);


--
-- TOC entry 3577 (class 0 OID 0)
-- Dependencies: 220
-- Name: auth_group_id_seq; Type: SEQUENCE SET; Schema: public; Owner: postgres
--

SELECT pg_catalog.setval('public.auth_group_id_seq', 1, false);


--
-- TOC entry 3578 (class 0 OID 0)
-- Dependencies: 222
-- Name: auth_group_permissions_id_seq; Type: SEQUENCE SET; Schema: public; Owner: postgres
--

SELECT pg_catalog.setval('public.auth_group_permissions_id_seq', 1, false);


--
-- TOC entry 3579 (class 0 OID 0)
-- Dependencies: 218
-- Name: auth_permission_id_seq; Type: SEQUENCE SET; Schema: public; Owner: postgres
--

SELECT pg_catalog.setval('public.auth_permission_id_seq', 60, true);


--
-- TOC entry 3580 (class 0 OID 0)
-- Dependencies: 230
-- Name: django_admin_log_id_seq; Type: SEQUENCE SET; Schema: public; Owner: postgres
--

SELECT pg_catalog.setval('public.django_admin_log_id_seq', 1, true);


--
-- TOC entry 3581 (class 0 OID 0)
-- Dependencies: 216
-- Name: django_content_type_id_seq; Type: SEQUENCE SET; Schema: public; Owner: postgres
--

SELECT pg_catalog.setval('public.django_content_type_id_seq', 15, true);


--
-- TOC entry 3582 (class 0 OID 0)
-- Dependencies: 214
-- Name: django_migrations_id_seq; Type: SEQUENCE SET; Schema: public; Owner: postgres
--

SELECT pg_catalog.setval('public.django_migrations_id_seq', 28, true);


--
-- TOC entry 3337 (class 2606 OID 52276)
-- Name: api_combination api_combination_pkey; Type: CONSTRAINT; Schema: public; Owner: postgres
--

ALTER TABLE ONLY public.api_combination
    ADD CONSTRAINT api_combination_pkey PRIMARY KEY (id);


--
-- TOC entry 3331 (class 2606 OID 35859)
-- Name: api_family api_family_pkey; Type: CONSTRAINT; Schema: public; Owner: postgres
--

ALTER TABLE ONLY public.api_family
    ADD CONSTRAINT api_family_pkey PRIMARY KEY (id);


--
-- TOC entry 3333 (class 2606 OID 35865)
-- Name: api_grade api_grade_pkey; Type: CONSTRAINT; Schema: public; Owner: postgres
--

ALTER TABLE ONLY public.api_grade
    ADD CONSTRAINT api_grade_pkey PRIMARY KEY (id);


--
-- TOC entry 3358 (class 2606 OID 60473)
-- Name: api_kid_leaps api_kid_leaps_kid_id_leap_id_6e14d518_uniq; Type: CONSTRAINT; Schema: public; Owner: postgres
--

ALTER TABLE ONLY public.api_kid_leaps
    ADD CONSTRAINT api_kid_leaps_kid_id_leap_id_6e14d518_uniq UNIQUE (kid_id, leap_id);


--
-- TOC entry 3361 (class 2606 OID 60469)
-- Name: api_kid_leaps api_kid_leaps_pkey; Type: CONSTRAINT; Schema: public; Owner: postgres
--

ALTER TABLE ONLY public.api_kid_leaps
    ADD CONSTRAINT api_kid_leaps_pkey PRIMARY KEY (id);


--
-- TOC entry 3342 (class 2606 OID 52290)
-- Name: api_kid api_kid_pkey; Type: CONSTRAINT; Schema: public; Owner: postgres
--

ALTER TABLE ONLY public.api_kid
    ADD CONSTRAINT api_kid_pkey PRIMARY KEY (id);


--
-- TOC entry 3347 (class 2606 OID 52310)
-- Name: api_kidacademics api_kidacademics_kid_id_academic_year_bf456834_uniq; Type: CONSTRAINT; Schema: public; Owner: postgres
--

ALTER TABLE ONLY public.api_kidacademics
    ADD CONSTRAINT api_kidacademics_kid_id_academic_year_bf456834_uniq UNIQUE (kid_id, academic_year);


--
-- TOC entry 3349 (class 2606 OID 52296)
-- Name: api_kidacademics api_kidacademics_pkey; Type: CONSTRAINT; Schema: public; Owner: postgres
--

ALTER TABLE ONLY public.api_kidacademics
    ADD CONSTRAINT api_kidacademics_pkey PRIMARY KEY (id);


--
-- TOC entry 3335 (class 2606 OID 52264)
-- Name: api_leap api_leap_pkey; Type: CONSTRAINT; Schema: public; Owner: postgres
--

ALTER TABLE ONLY public.api_leap
    ADD CONSTRAINT api_leap_pkey PRIMARY KEY (id);


--
-- TOC entry 3352 (class 2606 OID 52330)
-- Name: api_nationalsubjectresult api_nationalsubjectresult_kid_id_subject_id_32cb03b5_uniq; Type: CONSTRAINT; Schema: public; Owner: postgres
--

ALTER TABLE ONLY public.api_nationalsubjectresult
    ADD CONSTRAINT api_nationalsubjectresult_kid_id_subject_id_32cb03b5_uniq UNIQUE (kid_id, subject_id);


--
-- TOC entry 3354 (class 2606 OID 52302)
-- Name: api_nationalsubjectresult api_nationalsubjectresult_pkey; Type: CONSTRAINT; Schema: public; Owner: postgres
--

ALTER TABLE ONLY public.api_nationalsubjectresult
    ADD CONSTRAINT api_nationalsubjectresult_pkey PRIMARY KEY (id);


--
-- TOC entry 3339 (class 2606 OID 52282)
-- Name: api_subject api_subject_pkey; Type: CONSTRAINT; Schema: public; Owner: postgres
--

ALTER TABLE ONLY public.api_subject
    ADD CONSTRAINT api_subject_pkey PRIMARY KEY (id);


--
-- TOC entry 3290 (class 2606 OID 35839)
-- Name: api_user api_user_email1_key; Type: CONSTRAINT; Schema: public; Owner: postgres
--

ALTER TABLE ONLY public.api_user
    ADD CONSTRAINT api_user_email1_key UNIQUE (email1);


--
-- TOC entry 3293 (class 2606 OID 35848)
-- Name: api_user api_user_email_9ef5afa6_uniq; Type: CONSTRAINT; Schema: public; Owner: postgres
--

ALTER TABLE ONLY public.api_user
    ADD CONSTRAINT api_user_email_9ef5afa6_uniq UNIQUE (email);


--
-- TOC entry 3310 (class 2606 OID 35772)
-- Name: api_user_groups api_user_groups_pkey; Type: CONSTRAINT; Schema: public; Owner: postgres
--

ALTER TABLE ONLY public.api_user_groups
    ADD CONSTRAINT api_user_groups_pkey PRIMARY KEY (id);


--
-- TOC entry 3313 (class 2606 OID 35781)
-- Name: api_user_groups api_user_groups_user_id_group_id_9c7ddfb5_uniq; Type: CONSTRAINT; Schema: public; Owner: postgres
--

ALTER TABLE ONLY public.api_user_groups
    ADD CONSTRAINT api_user_groups_user_id_group_id_9c7ddfb5_uniq UNIQUE (user_id, group_id);


--
-- TOC entry 3296 (class 2606 OID 68683)
-- Name: api_user api_user_phone1_key; Type: CONSTRAINT; Schema: public; Owner: postgres
--

ALTER TABLE ONLY public.api_user
    ADD CONSTRAINT api_user_phone1_key UNIQUE (phone1);


--
-- TOC entry 3299 (class 2606 OID 68679)
-- Name: api_user api_user_phone_key; Type: CONSTRAINT; Schema: public; Owner: postgres
--

ALTER TABLE ONLY public.api_user
    ADD CONSTRAINT api_user_phone_key UNIQUE (phone);


--
-- TOC entry 3301 (class 2606 OID 35764)
-- Name: api_user api_user_pkey; Type: CONSTRAINT; Schema: public; Owner: postgres
--

ALTER TABLE ONLY public.api_user
    ADD CONSTRAINT api_user_pkey PRIMARY KEY (id);


--
-- TOC entry 3304 (class 2606 OID 35846)
-- Name: api_user api_user_reg_number_key; Type: CONSTRAINT; Schema: public; Owner: postgres
--

ALTER TABLE ONLY public.api_user
    ADD CONSTRAINT api_user_reg_number_key UNIQUE (reg_number);


--
-- TOC entry 3316 (class 2606 OID 35778)
-- Name: api_user_user_permissions api_user_user_permissions_pkey; Type: CONSTRAINT; Schema: public; Owner: postgres
--

ALTER TABLE ONLY public.api_user_user_permissions
    ADD CONSTRAINT api_user_user_permissions_pkey PRIMARY KEY (id);


--
-- TOC entry 3319 (class 2606 OID 35795)
-- Name: api_user_user_permissions api_user_user_permissions_user_id_permission_id_a06dd704_uniq; Type: CONSTRAINT; Schema: public; Owner: postgres
--

ALTER TABLE ONLY public.api_user_user_permissions
    ADD CONSTRAINT api_user_user_permissions_user_id_permission_id_a06dd704_uniq UNIQUE (user_id, permission_id);


--
-- TOC entry 3307 (class 2606 OID 35766)
-- Name: api_user api_user_username_key; Type: CONSTRAINT; Schema: public; Owner: postgres
--

ALTER TABLE ONLY public.api_user
    ADD CONSTRAINT api_user_username_key UNIQUE (username);


--
-- TOC entry 3279 (class 2606 OID 35755)
-- Name: auth_group auth_group_name_key; Type: CONSTRAINT; Schema: public; Owner: postgres
--

ALTER TABLE ONLY public.auth_group
    ADD CONSTRAINT auth_group_name_key UNIQUE (name);


--
-- TOC entry 3284 (class 2606 OID 35741)
-- Name: auth_group_permissions auth_group_permissions_group_id_permission_id_0cd325b0_uniq; Type: CONSTRAINT; Schema: public; Owner: postgres
--

ALTER TABLE ONLY public.auth_group_permissions
    ADD CONSTRAINT auth_group_permissions_group_id_permission_id_0cd325b0_uniq UNIQUE (group_id, permission_id);


--
-- TOC entry 3287 (class 2606 OID 35730)
-- Name: auth_group_permissions auth_group_permissions_pkey; Type: CONSTRAINT; Schema: public; Owner: postgres
--

ALTER TABLE ONLY public.auth_group_permissions
    ADD CONSTRAINT auth_group_permissions_pkey PRIMARY KEY (id);


--
-- TOC entry 3281 (class 2606 OID 35722)
-- Name: auth_group auth_group_pkey; Type: CONSTRAINT; Schema: public; Owner: postgres
--

ALTER TABLE ONLY public.auth_group
    ADD CONSTRAINT auth_group_pkey PRIMARY KEY (id);


--
-- TOC entry 3274 (class 2606 OID 35732)
-- Name: auth_permission auth_permission_content_type_id_codename_01ab375a_uniq; Type: CONSTRAINT; Schema: public; Owner: postgres
--

ALTER TABLE ONLY public.auth_permission
    ADD CONSTRAINT auth_permission_content_type_id_codename_01ab375a_uniq UNIQUE (content_type_id, codename);


--
-- TOC entry 3276 (class 2606 OID 35716)
-- Name: auth_permission auth_permission_pkey; Type: CONSTRAINT; Schema: public; Owner: postgres
--

ALTER TABLE ONLY public.auth_permission
    ADD CONSTRAINT auth_permission_pkey PRIMARY KEY (id);


--
-- TOC entry 3322 (class 2606 OID 35816)
-- Name: django_admin_log django_admin_log_pkey; Type: CONSTRAINT; Schema: public; Owner: postgres
--

ALTER TABLE ONLY public.django_admin_log
    ADD CONSTRAINT django_admin_log_pkey PRIMARY KEY (id);


--
-- TOC entry 3269 (class 2606 OID 35710)
-- Name: django_content_type django_content_type_app_label_model_76bd3d3b_uniq; Type: CONSTRAINT; Schema: public; Owner: postgres
--

ALTER TABLE ONLY public.django_content_type
    ADD CONSTRAINT django_content_type_app_label_model_76bd3d3b_uniq UNIQUE (app_label, model);


--
-- TOC entry 3271 (class 2606 OID 35708)
-- Name: django_content_type django_content_type_pkey; Type: CONSTRAINT; Schema: public; Owner: postgres
--

ALTER TABLE ONLY public.django_content_type
    ADD CONSTRAINT django_content_type_pkey PRIMARY KEY (id);


--
-- TOC entry 3267 (class 2606 OID 35702)
-- Name: django_migrations django_migrations_pkey; Type: CONSTRAINT; Schema: public; Owner: postgres
--

ALTER TABLE ONLY public.django_migrations
    ADD CONSTRAINT django_migrations_pkey PRIMARY KEY (id);


--
-- TOC entry 3326 (class 2606 OID 35835)
-- Name: django_session django_session_pkey; Type: CONSTRAINT; Schema: public; Owner: postgres
--

ALTER TABLE ONLY public.django_session
    ADD CONSTRAINT django_session_pkey PRIMARY KEY (session_key);


--
-- TOC entry 3328 (class 1259 OID 44072)
-- Name: api_family_grade_id_25a363d9; Type: INDEX; Schema: public; Owner: postgres
--

CREATE INDEX api_family_grade_id_25a363d9 ON public.api_family USING btree (grade_id);


--
-- TOC entry 3329 (class 1259 OID 35874)
-- Name: api_family_mother_id_8691f923; Type: INDEX; Schema: public; Owner: postgres
--

CREATE INDEX api_family_mother_id_8691f923 ON public.api_family USING btree (mother_id);


--
-- TOC entry 3340 (class 1259 OID 60471)
-- Name: api_kid_family_id_cbecd534; Type: INDEX; Schema: public; Owner: postgres
--

CREATE INDEX api_kid_family_id_cbecd534 ON public.api_kid USING btree (family_id);


--
-- TOC entry 3356 (class 1259 OID 60484)
-- Name: api_kid_leaps_kid_id_fd0960ca; Type: INDEX; Schema: public; Owner: postgres
--

CREATE INDEX api_kid_leaps_kid_id_fd0960ca ON public.api_kid_leaps USING btree (kid_id);


--
-- TOC entry 3359 (class 1259 OID 60485)
-- Name: api_kid_leaps_leap_id_1d687850; Type: INDEX; Schema: public; Owner: postgres
--

CREATE INDEX api_kid_leaps_leap_id_1d687850 ON public.api_kid_leaps USING btree (leap_id);


--
-- TOC entry 3343 (class 1259 OID 52308)
-- Name: api_kid_user_id_871992ed; Type: INDEX; Schema: public; Owner: postgres
--

CREATE INDEX api_kid_user_id_871992ed ON public.api_kid USING btree (user_id);


--
-- TOC entry 3344 (class 1259 OID 52326)
-- Name: api_kidacademics_combination_id_c7576007; Type: INDEX; Schema: public; Owner: postgres
--

CREATE INDEX api_kidacademics_combination_id_c7576007 ON public.api_kidacademics USING btree (combination_id);


--
-- TOC entry 3345 (class 1259 OID 52327)
-- Name: api_kidacademics_kid_id_7b199f02; Type: INDEX; Schema: public; Owner: postgres
--

CREATE INDEX api_kidacademics_kid_id_7b199f02 ON public.api_kidacademics USING btree (kid_id);


--
-- TOC entry 3350 (class 1259 OID 52341)
-- Name: api_nationalsubjectresult_kid_id_7498b600; Type: INDEX; Schema: public; Owner: postgres
--

CREATE INDEX api_nationalsubjectresult_kid_id_7498b600 ON public.api_nationalsubjectresult USING btree (kid_id);


--
-- TOC entry 3355 (class 1259 OID 52342)
-- Name: api_nationalsubjectresult_subject_id_5dbdcab1; Type: INDEX; Schema: public; Owner: postgres
--

CREATE INDEX api_nationalsubjectresult_subject_id_5dbdcab1 ON public.api_nationalsubjectresult USING btree (subject_id);


--
-- TOC entry 3288 (class 1259 OID 35850)
-- Name: api_user_email1_c75b0a3d_like; Type: INDEX; Schema: public; Owner: postgres
--

CREATE INDEX api_user_email1_c75b0a3d_like ON public.api_user USING btree (email1 varchar_pattern_ops);


--
-- TOC entry 3291 (class 1259 OID 35849)
-- Name: api_user_email_9ef5afa6_like; Type: INDEX; Schema: public; Owner: postgres
--

CREATE INDEX api_user_email_9ef5afa6_like ON public.api_user USING btree (email varchar_pattern_ops);


--
-- TOC entry 3308 (class 1259 OID 35793)
-- Name: api_user_groups_group_id_3af85785; Type: INDEX; Schema: public; Owner: postgres
--

CREATE INDEX api_user_groups_group_id_3af85785 ON public.api_user_groups USING btree (group_id);


--
-- TOC entry 3311 (class 1259 OID 35792)
-- Name: api_user_groups_user_id_a5ff39fa; Type: INDEX; Schema: public; Owner: postgres
--

CREATE INDEX api_user_groups_user_id_a5ff39fa ON public.api_user_groups USING btree (user_id);


--
-- TOC entry 3294 (class 1259 OID 68684)
-- Name: api_user_phone1_7219df8a_like; Type: INDEX; Schema: public; Owner: postgres
--

CREATE INDEX api_user_phone1_7219df8a_like ON public.api_user USING btree (phone1 varchar_pattern_ops);


--
-- TOC entry 3297 (class 1259 OID 68680)
-- Name: api_user_phone_e22f480c_like; Type: INDEX; Schema: public; Owner: postgres
--

CREATE INDEX api_user_phone_e22f480c_like ON public.api_user USING btree (phone varchar_pattern_ops);


--
-- TOC entry 3302 (class 1259 OID 35853)
-- Name: api_user_reg_number_b5619309_like; Type: INDEX; Schema: public; Owner: postgres
--

CREATE INDEX api_user_reg_number_b5619309_like ON public.api_user USING btree (reg_number varchar_pattern_ops);


--
-- TOC entry 3314 (class 1259 OID 35807)
-- Name: api_user_user_permissions_permission_id_305b7fea; Type: INDEX; Schema: public; Owner: postgres
--

CREATE INDEX api_user_user_permissions_permission_id_305b7fea ON public.api_user_user_permissions USING btree (permission_id);


--
-- TOC entry 3317 (class 1259 OID 35806)
-- Name: api_user_user_permissions_user_id_f3945d65; Type: INDEX; Schema: public; Owner: postgres
--

CREATE INDEX api_user_user_permissions_user_id_f3945d65 ON public.api_user_user_permissions USING btree (user_id);


--
-- TOC entry 3305 (class 1259 OID 35779)
-- Name: api_user_username_cf4e88d2_like; Type: INDEX; Schema: public; Owner: postgres
--

CREATE INDEX api_user_username_cf4e88d2_like ON public.api_user USING btree (username varchar_pattern_ops);


--
-- TOC entry 3277 (class 1259 OID 35756)
-- Name: auth_group_name_a6ea08ec_like; Type: INDEX; Schema: public; Owner: postgres
--

CREATE INDEX auth_group_name_a6ea08ec_like ON public.auth_group USING btree (name varchar_pattern_ops);


--
-- TOC entry 3282 (class 1259 OID 35752)
-- Name: auth_group_permissions_group_id_b120cbf9; Type: INDEX; Schema: public; Owner: postgres
--

CREATE INDEX auth_group_permissions_group_id_b120cbf9 ON public.auth_group_permissions USING btree (group_id);


--
-- TOC entry 3285 (class 1259 OID 35753)
-- Name: auth_group_permissions_permission_id_84c5c92e; Type: INDEX; Schema: public; Owner: postgres
--

CREATE INDEX auth_group_permissions_permission_id_84c5c92e ON public.auth_group_permissions USING btree (permission_id);


--
-- TOC entry 3272 (class 1259 OID 35738)
-- Name: auth_permission_content_type_id_2f476e4b; Type: INDEX; Schema: public; Owner: postgres
--

CREATE INDEX auth_permission_content_type_id_2f476e4b ON public.auth_permission USING btree (content_type_id);


--
-- TOC entry 3320 (class 1259 OID 35827)
-- Name: django_admin_log_content_type_id_c4bce8eb; Type: INDEX; Schema: public; Owner: postgres
--

CREATE INDEX django_admin_log_content_type_id_c4bce8eb ON public.django_admin_log USING btree (content_type_id);


--
-- TOC entry 3323 (class 1259 OID 35828)
-- Name: django_admin_log_user_id_c564eba6; Type: INDEX; Schema: public; Owner: postgres
--

CREATE INDEX django_admin_log_user_id_c564eba6 ON public.django_admin_log USING btree (user_id);


--
-- TOC entry 3324 (class 1259 OID 35837)
-- Name: django_session_expire_date_a5c62663; Type: INDEX; Schema: public; Owner: postgres
--

CREATE INDEX django_session_expire_date_a5c62663 ON public.django_session USING btree (expire_date);


--
-- TOC entry 3327 (class 1259 OID 35836)
-- Name: django_session_session_key_c0390e0f_like; Type: INDEX; Schema: public; Owner: postgres
--

CREATE INDEX django_session_session_key_c0390e0f_like ON public.django_session USING btree (session_key varchar_pattern_ops);


--
-- TOC entry 3371 (class 2606 OID 44067)
-- Name: api_family api_family_grade_id_25a363d9_fk_api_grade_id; Type: FK CONSTRAINT; Schema: public; Owner: postgres
--

ALTER TABLE ONLY public.api_family
    ADD CONSTRAINT api_family_grade_id_25a363d9_fk_api_grade_id FOREIGN KEY (grade_id) REFERENCES public.api_grade(id) DEFERRABLE INITIALLY DEFERRED;


--
-- TOC entry 3372 (class 2606 OID 35869)
-- Name: api_family api_family_mother_id_8691f923_fk_api_user_id; Type: FK CONSTRAINT; Schema: public; Owner: postgres
--

ALTER TABLE ONLY public.api_family
    ADD CONSTRAINT api_family_mother_id_8691f923_fk_api_user_id FOREIGN KEY (mother_id) REFERENCES public.api_user(id) DEFERRABLE INITIALLY DEFERRED;


--
-- TOC entry 3373 (class 2606 OID 60458)
-- Name: api_kid api_kid_family_id_cbecd534_fk_api_family_id; Type: FK CONSTRAINT; Schema: public; Owner: postgres
--

ALTER TABLE ONLY public.api_kid
    ADD CONSTRAINT api_kid_family_id_cbecd534_fk_api_family_id FOREIGN KEY (family_id) REFERENCES public.api_family(id) DEFERRABLE INITIALLY DEFERRED;


--
-- TOC entry 3379 (class 2606 OID 60474)
-- Name: api_kid_leaps api_kid_leaps_kid_id_fd0960ca_fk_api_kid_id; Type: FK CONSTRAINT; Schema: public; Owner: postgres
--

ALTER TABLE ONLY public.api_kid_leaps
    ADD CONSTRAINT api_kid_leaps_kid_id_fd0960ca_fk_api_kid_id FOREIGN KEY (kid_id) REFERENCES public.api_kid(id) DEFERRABLE INITIALLY DEFERRED;


--
-- TOC entry 3380 (class 2606 OID 60479)
-- Name: api_kid_leaps api_kid_leaps_leap_id_1d687850_fk_api_leap_id; Type: FK CONSTRAINT; Schema: public; Owner: postgres
--

ALTER TABLE ONLY public.api_kid_leaps
    ADD CONSTRAINT api_kid_leaps_leap_id_1d687850_fk_api_leap_id FOREIGN KEY (leap_id) REFERENCES public.api_leap(id) DEFERRABLE INITIALLY DEFERRED;


--
-- TOC entry 3374 (class 2606 OID 52303)
-- Name: api_kid api_kid_user_id_871992ed_fk_api_user_id; Type: FK CONSTRAINT; Schema: public; Owner: postgres
--

ALTER TABLE ONLY public.api_kid
    ADD CONSTRAINT api_kid_user_id_871992ed_fk_api_user_id FOREIGN KEY (user_id) REFERENCES public.api_user(id) DEFERRABLE INITIALLY DEFERRED;


--
-- TOC entry 3375 (class 2606 OID 52311)
-- Name: api_kidacademics api_kidacademics_combination_id_c7576007_fk_api_combination_id; Type: FK CONSTRAINT; Schema: public; Owner: postgres
--

ALTER TABLE ONLY public.api_kidacademics
    ADD CONSTRAINT api_kidacademics_combination_id_c7576007_fk_api_combination_id FOREIGN KEY (combination_id) REFERENCES public.api_combination(id) DEFERRABLE INITIALLY DEFERRED;


--
-- TOC entry 3376 (class 2606 OID 52316)
-- Name: api_kidacademics api_kidacademics_kid_id_7b199f02_fk_api_kid_id; Type: FK CONSTRAINT; Schema: public; Owner: postgres
--

ALTER TABLE ONLY public.api_kidacademics
    ADD CONSTRAINT api_kidacademics_kid_id_7b199f02_fk_api_kid_id FOREIGN KEY (kid_id) REFERENCES public.api_kid(id) DEFERRABLE INITIALLY DEFERRED;


--
-- TOC entry 3377 (class 2606 OID 52331)
-- Name: api_nationalsubjectresult api_nationalsubjectresult_kid_id_7498b600_fk_api_kid_id; Type: FK CONSTRAINT; Schema: public; Owner: postgres
--

ALTER TABLE ONLY public.api_nationalsubjectresult
    ADD CONSTRAINT api_nationalsubjectresult_kid_id_7498b600_fk_api_kid_id FOREIGN KEY (kid_id) REFERENCES public.api_kid(id) DEFERRABLE INITIALLY DEFERRED;


--
-- TOC entry 3378 (class 2606 OID 52336)
-- Name: api_nationalsubjectresult api_nationalsubjectresult_subject_id_5dbdcab1_fk_api_subject_id; Type: FK CONSTRAINT; Schema: public; Owner: postgres
--

ALTER TABLE ONLY public.api_nationalsubjectresult
    ADD CONSTRAINT api_nationalsubjectresult_subject_id_5dbdcab1_fk_api_subject_id FOREIGN KEY (subject_id) REFERENCES public.api_subject(id) DEFERRABLE INITIALLY DEFERRED;


--
-- TOC entry 3365 (class 2606 OID 35787)
-- Name: api_user_groups api_user_groups_group_id_3af85785_fk_auth_group_id; Type: FK CONSTRAINT; Schema: public; Owner: postgres
--

ALTER TABLE ONLY public.api_user_groups
    ADD CONSTRAINT api_user_groups_group_id_3af85785_fk_auth_group_id FOREIGN KEY (group_id) REFERENCES public.auth_group(id) DEFERRABLE INITIALLY DEFERRED;


--
-- TOC entry 3366 (class 2606 OID 35782)
-- Name: api_user_groups api_user_groups_user_id_a5ff39fa_fk_api_user_id; Type: FK CONSTRAINT; Schema: public; Owner: postgres
--

ALTER TABLE ONLY public.api_user_groups
    ADD CONSTRAINT api_user_groups_user_id_a5ff39fa_fk_api_user_id FOREIGN KEY (user_id) REFERENCES public.api_user(id) DEFERRABLE INITIALLY DEFERRED;


--
-- TOC entry 3367 (class 2606 OID 35801)
-- Name: api_user_user_permissions api_user_user_permis_permission_id_305b7fea_fk_auth_perm; Type: FK CONSTRAINT; Schema: public; Owner: postgres
--

ALTER TABLE ONLY public.api_user_user_permissions
    ADD CONSTRAINT api_user_user_permis_permission_id_305b7fea_fk_auth_perm FOREIGN KEY (permission_id) REFERENCES public.auth_permission(id) DEFERRABLE INITIALLY DEFERRED;


--
-- TOC entry 3368 (class 2606 OID 35796)
-- Name: api_user_user_permissions api_user_user_permissions_user_id_f3945d65_fk_api_user_id; Type: FK CONSTRAINT; Schema: public; Owner: postgres
--

ALTER TABLE ONLY public.api_user_user_permissions
    ADD CONSTRAINT api_user_user_permissions_user_id_f3945d65_fk_api_user_id FOREIGN KEY (user_id) REFERENCES public.api_user(id) DEFERRABLE INITIALLY DEFERRED;


--
-- TOC entry 3363 (class 2606 OID 35747)
-- Name: auth_group_permissions auth_group_permissio_permission_id_84c5c92e_fk_auth_perm; Type: FK CONSTRAINT; Schema: public; Owner: postgres
--

ALTER TABLE ONLY public.auth_group_permissions
    ADD CONSTRAINT auth_group_permissio_permission_id_84c5c92e_fk_auth_perm FOREIGN KEY (permission_id) REFERENCES public.auth_permission(id) DEFERRABLE INITIALLY DEFERRED;


--
-- TOC entry 3364 (class 2606 OID 35742)
-- Name: auth_group_permissions auth_group_permissions_group_id_b120cbf9_fk_auth_group_id; Type: FK CONSTRAINT; Schema: public; Owner: postgres
--

ALTER TABLE ONLY public.auth_group_permissions
    ADD CONSTRAINT auth_group_permissions_group_id_b120cbf9_fk_auth_group_id FOREIGN KEY (group_id) REFERENCES public.auth_group(id) DEFERRABLE INITIALLY DEFERRED;


--
-- TOC entry 3362 (class 2606 OID 35733)
-- Name: auth_permission auth_permission_content_type_id_2f476e4b_fk_django_co; Type: FK CONSTRAINT; Schema: public; Owner: postgres
--

ALTER TABLE ONLY public.auth_permission
    ADD CONSTRAINT auth_permission_content_type_id_2f476e4b_fk_django_co FOREIGN KEY (content_type_id) REFERENCES public.django_content_type(id) DEFERRABLE INITIALLY DEFERRED;


--
-- TOC entry 3369 (class 2606 OID 35817)
-- Name: django_admin_log django_admin_log_content_type_id_c4bce8eb_fk_django_co; Type: FK CONSTRAINT; Schema: public; Owner: postgres
--

ALTER TABLE ONLY public.django_admin_log
    ADD CONSTRAINT django_admin_log_content_type_id_c4bce8eb_fk_django_co FOREIGN KEY (content_type_id) REFERENCES public.django_content_type(id) DEFERRABLE INITIALLY DEFERRED;


--
-- TOC entry 3370 (class 2606 OID 35822)
-- Name: django_admin_log django_admin_log_user_id_c564eba6_fk_api_user_id; Type: FK CONSTRAINT; Schema: public; Owner: postgres
--

ALTER TABLE ONLY public.django_admin_log
    ADD CONSTRAINT django_admin_log_user_id_c564eba6_fk_api_user_id FOREIGN KEY (user_id) REFERENCES public.api_user(id) DEFERRABLE INITIALLY DEFERRED;


-- Completed on 2025-05-21 16:13:38

--
-- PostgreSQL database dump complete
--

